category	path	origin_main_blob	integration_blob	status	semantic_disposition	validation
RELEASE_INFRA	.github/pull_request_template.md	6eac4c1169667cebf4791e5be406e6cb262ef869	6eac4c1169667cebf4791e5be406e6cb262ef869	BYTE_IDENTICAL	PRESERVED	blob_identity
RELEASE_INFRA	.github/workflows/hrx-production-rollout.yml	ce5a4d71f017d811b7d7458738a84a36f7dab28e	c8134e25a85e6b43d534f8b064e290ffe99a114b	MODIFIED	STRENGTHENED_PII_CI_GATE	yaml_parse_and_pii_guard
RELEASE_INFRA	.github/workflows/production-smoke.yml	b234bc667366e3bb19188e4b226480fbdfe9d53c	b234bc667366e3bb19188e4b226480fbdfe9d53c	BYTE_IDENTICAL	PRESERVED	blob_identity
CRITICAL_OPERATIONS	AGENTS.md	19affe3f146d5d8c558c70f6d23983470be9178d	1c12eb9c321b8c1d5b4670249b095fab8a5b1e3b	MODIFIED	PRESERVED_PLUS_AWS_ROLE_CHAIN	manual_contract_review
AWS_RUNTIME_AUTH	apps/api/src/lambda.js	3c25d121487d2f469b0e8df537972cd8e2141de6	9a7ab48f0ec75e7b40ce3b91545375229ca71b4d	MODIFIED	STRENGTHENED_SESSION_SCRYPT_RUNTIME_BOUNDARY	api_and_desktop_auth_tests
AWS_RUNTIME_AUTH	apps/api/src/matter-temp-desktop-runtime-lambda.mjs	2ad1d0f994df2b24a495e383cd689f6af7c469e7	4e7dbdb2759cc6bd6ff1f72e71d791c62658f7c4	MODIFIED	STRENGTHENED_SESSION_SCRYPT_RUNTIME_BOUNDARY	api_and_desktop_auth_tests
SECURITY_AUTHZ	apps/api/src/middleware/hrx-authz.js	71200bfc2904bab8140117ae3c037499c10ca5d9	8088b279010a0f70f077abd4dc9cb41e32dcb1cd	MODIFIED	STRENGTHENED_ROLE_PURPOSE_SCOPE_SESSION_BOUNDARY	authz_api_security_tests
SECURITY_AUTHZ	apps/api/test/e2e/vault-storage-security.test.js	4d1c2dfeb6bb7d4d5c5f848f2415cce06c81f89d	4d1c2dfeb6bb7d4d5c5f848f2415cce06c81f89d	BYTE_IDENTICAL	PRESERVED	blob_identity
SECURITY_AUTHZ	apps/api/test/hrx/route-authz.test.js	44193665bdaba65489c46bd1f939d07a8d80b33e	49ceb674c440bef2a707f26a107a75f7b2857060	MODIFIED	STRENGTHENED_ROLE_PURPOSE_SCOPE_SESSION_BOUNDARY	authz_api_security_tests
SECURITY_AUTHZ	apps/api/test/hrx/secret-exposure.test.js	7b1e345cc8b9af2adb12b780a6301195cfd2a8c3	48a54dbb492f2d33f441f8d1c8ef817d94942861	MODIFIED	STRENGTHENED_TEST_COVERAGE	targeted_test_suite
SECURITY_AUTHZ	apps/api/test/hrx/security-regression.test.js	e21c27820c4fea77193859099ce9ac4530cb6c38	31453ad0c1be1b93b43ed619efecb23b2aa61fbd	MODIFIED	STRENGTHENED_ROLE_PURPOSE_SCOPE_SESSION_BOUNDARY	authz_api_security_tests
AWS_RUNTIME_AUTH	apps/api/test/matter-temp-desktop-runtime-lambda.test.js	0ad9c34e883a7d6dd74e931c64b646ea199a08bd	79420c6091920bf2124cca921534f157d1887fd9	MODIFIED	STRENGTHENED_SESSION_SCRYPT_RUNTIME_BOUNDARY	api_and_desktop_auth_tests
SECURITY_AUTHZ	apps/api/test/security/matter-vault-ethical-wall.test.js	4d1c2dfeb6bb7d4d5c5f848f2415cce06c81f89d	4d1c2dfeb6bb7d4d5c5f848f2415cce06c81f89d	BYTE_IDENTICAL	PRESERVED	blob_identity
SECURITY_AUTHZ	apps/api/test/security/matter-vault-legal-hold.test.js	4d1c2dfeb6bb7d4d5c5f848f2415cce06c81f89d	4d1c2dfeb6bb7d4d5c5f848f2415cce06c81f89d	BYTE_IDENTICAL	PRESERVED	blob_identity
SECURITY_AUTHZ	apps/api/test/security/matter-vault-security.test.js	4d1c2dfeb6bb7d4d5c5f848f2415cce06c81f89d	4d1c2dfeb6bb7d4d5c5f848f2415cce06c81f89d	BYTE_IDENTICAL	PRESERVED	blob_identity
SECURITY_AUTHZ	apps/api/test/security/matter-vault-tenant-leak.test.js	4d1c2dfeb6bb7d4d5c5f848f2415cce06c81f89d	4d1c2dfeb6bb7d4d5c5f848f2415cce06c81f89d	BYTE_IDENTICAL	PRESERVED	blob_identity
AWS_RUNTIME_AUTH	apps/desktop/src/main/auth.js	c989fc36c386f81af75320761d3481baa660cef7	4ac72267f367e5112ddd501a30d3153d05fe8844	MODIFIED	STRENGTHENED_SESSION_SCRYPT_RUNTIME_BOUNDARY	api_and_desktop_auth_tests
AWS_RUNTIME_AUTH	apps/desktop/src/main/aws-runtime.js	b2fd8d3356b82bd6378bb518bbab45fe6ccedfdc	9903b5cfb6ad17d9426f465f41e35fb5ea833632	MODIFIED	STRENGTHENED_SESSION_SCRYPT_RUNTIME_BOUNDARY	api_and_desktop_auth_tests
CRITICAL_OPERATIONS	apps/desktop/test/auth-coordinator.test.mjs	c064602978539df5fb5c3f991db483e7a7c3a270	1301a211abbfe2d5710b8a41f93da799d3803ea4	MODIFIED	STRENGTHENED_TEST_COVERAGE	targeted_test_suite
AWS_RUNTIME_AUTH	apps/desktop/test/aws-runtime-client.test.mjs	75282bf9462c6ac0acf398fa864f6655e37d5189	eb97950a48e9569fa1b270248c10a918597ad962	MODIFIED	STRENGTHENED_TEST_COVERAGE	targeted_test_suite
SECURITY_AUTHZ	apps/web/src/people/security/HrxStepUpChallenge.tsx	24bcd8f44717b5399b53f6ee23eafd4e52e81840	e9952e0817ab08aa84b121c3618bd62b02b20e04	MODIFIED	STRENGTHENED_ROLE_PURPOSE_SCOPE_SESSION_BOUNDARY	authz_api_security_tests
RELEASE_INFRA	contracts/hrx-release-readiness.json	8337c1cf006ae7bbf1f81c3b32ff277133f238fb	8337c1cf006ae7bbf1f81c3b32ff277133f238fb	BYTE_IDENTICAL	PRESERVED	blob_identity
RELEASE_INFRA	contracts/production-data-policy-contract.json	0a3270152b9e8ea1a5f495ff263cb398a0b81735	0a3270152b9e8ea1a5f495ff263cb398a0b81735	BYTE_IDENTICAL	PRESERVED	blob_identity
AWS_RUNTIME_AUTH	docs/launch/aws-production-lcx-ppl-browser-smoke-receipt.json	25f5fa087be606fb538e189d8ba8344a9c1a40bb	25f5fa087be606fb538e189d8ba8344a9c1a40bb	BYTE_IDENTICAL	PRESERVED	blob_identity
AWS_RUNTIME_AUTH	docs/launch/aws-temporary-production-web-receipt.json	2744e3f3d7ad4d30f0424c3ffc47d9b2035de7ed	2744e3f3d7ad4d30f0424c3ffc47d9b2035de7ed	BYTE_IDENTICAL	PRESERVED	blob_identity
RELEASE_INFRA	docs/launch/l3/cicd-deployment-pipeline-blocker-survey.md	51d0d783cad95ece5404e93e8cdf2d99caad900d	51d0d783cad95ece5404e93e8cdf2d99caad900d	BYTE_IDENTICAL	PRESERVED	blob_identity
RELEASE_INFRA	docs/launch/l3/outlook-addin-deployment-blocker-survey.md	c203bed204a036a853b51f8f4a3027859c681871	c203bed204a036a853b51f8f4a3027859c681871	BYTE_IDENTICAL	PRESERVED	blob_identity
RELEASE_INFRA	docs/launch/l4/parity-release-decision-blocker-survey.md	5d9eb1d848ec1ee70ea22945836fa4f087b731a0	5d9eb1d848ec1ee70ea22945836fa4f087b731a0	BYTE_IDENTICAL	PRESERVED	blob_identity
SECURITY_AUTHZ	docs/launch/l5/security-acceptance-suite-blocker-survey.md	2cf1028c3b38885016608d28c1e61f536a6baac0	2cf1028c3b38885016608d28c1e61f536a6baac0	BYTE_IDENTICAL	PRESERVED	blob_identity
CRITICAL_OPERATIONS	docs/launch/launch-authority-traceability-audit.json	1de1d164006a04802db2e24a960ebbd1fd59e908	1de1d164006a04802db2e24a960ebbd1fd59e908	BYTE_IDENTICAL	PRESERVED	blob_identity
CRITICAL_OPERATIONS	docs/launch/launch-authority-traceability-audit.md	6add1396b8f8a85fcba545fa97e437ef04cc4577	6add1396b8f8a85fcba545fa97e437ef04cc4577	BYTE_IDENTICAL	PRESERVED	blob_identity
RELEASE_INFRA	docs/launch/production-data-policy-non-weakening-argument.md	7b0d451bdc611a9224805420fc58fd6d1dd6928c	7b0d451bdc611a9224805420fc58fd6d1dd6928c	BYTE_IDENTICAL	PRESERVED	blob_identity
RELEASE_INFRA	docs/launch/production-persistence-decision-packet.md	1a35d193a56f6ee38aa83d200303017827802d1a	1a35d193a56f6ee38aa83d200303017827802d1a	BYTE_IDENTICAL	PRESERVED	blob_identity
BACKUP_DR	docs/runbooks/backup-dr-runbook.md	2e5f80bc3d4a57f62a49f5e993979d010a4769ad	b3625b844717d9f4bdda28c2eb35626fd065ffba	MODIFIED	STRENGTHENED_APPROVED_LOCAL_RPO_RTO_BOUNDARY	synthetic_backup_restore_drill
CRITICAL_OPERATIONS	package.json	5a648ace62359d37bfe723131c2f7c0d81d4e927	ab2ef79eb1cd4f44ab3e173486ce54ab2ed946bc	MODIFIED	STRENGTHENED_SHA_SCOPED_RELEASE_GATE	pv_source_and_unit_validators
SECURITY_AUTHZ	packages/audit/src/permission-matrix-security-fixture-boundary-catalog.js	11f0b949ea6e73e8dd996eb2d9dcc13c8874496a	11f0b949ea6e73e8dd996eb2d9dcc13c8874496a	BYTE_IDENTICAL	PRESERVED	blob_identity
SECURITY_AUTHZ	packages/authz/README.md	64d682d4ab65e59e16e509f6d96429562cded44e	64d682d4ab65e59e16e509f6d96429562cded44e	BYTE_IDENTICAL	PRESERVED	blob_identity
SECURITY_AUTHZ	packages/authz/package.json	fb1f43137617cef51065edb4438040fd28b80667	fb1f43137617cef51065edb4438040fd28b80667	BYTE_IDENTICAL	PRESERVED	blob_identity
SECURITY_AUTHZ	packages/authz/src/admin-simulator.js	1ddce1b2c05ba17203d086efb628f190bac50465	1ddce1b2c05ba17203d086efb628f190bac50465	BYTE_IDENTICAL	PRESERVED	blob_identity
SECURITY_AUTHZ	packages/authz/src/api-fixture-ui-readiness-catalog.js	015c3b1054678adb19a6a3468d322b82e49d0463	015c3b1054678adb19a6a3468d322b82e49d0463	BYTE_IDENTICAL	PRESERVED	blob_identity
SECURITY_AUTHZ	packages/authz/src/api-permission-audit-binding.js	d9aecfabd1860beee3fb2a6893cc3b963804f8c2	d9aecfabd1860beee3fb2a6893cc3b963804f8c2	BYTE_IDENTICAL	PRESERVED	blob_identity
SECURITY_AUTHZ	packages/authz/src/api-synthetic-fixture-set.js	57df0178cd113a0f1d351ae3786140b13f76335d	57df0178cd113a0f1d351ae3786140b13f76335d	BYTE_IDENTICAL	PRESERVED	blob_identity
SECURITY_AUTHZ	packages/authz/src/break-glass-service.js	7747baf378d77e2a2e13caa828618363b68a2233	7747baf378d77e2a2e13caa828618363b68a2233	BYTE_IDENTICAL	PRESERVED	blob_identity
SECURITY_AUTHZ	packages/authz/src/ethical-wall-store.js	735dc6e31fc480f28d0ba0836270bd166117b0bb	735dc6e31fc480f28d0ba0836270bd166117b0bb	BYTE_IDENTICAL	PRESERVED	blob_identity
SECURITY_AUTHZ	packages/authz/src/evaluate.js	1a93ed7ff7f644a9f61131da7c824140a3f571ec	1a93ed7ff7f644a9f61131da7c824140a3f571ec	BYTE_IDENTICAL	PRESERVED	blob_identity
SECURITY_AUTHZ	packages/authz/src/failure-taxonomy-evidence-harness.js	bc8d667cda19a989d60db7f6f03cf0ad4777867a	bc8d667cda19a989d60db7f6f03cf0ad4777867a	BYTE_IDENTICAL	PRESERVED	blob_identity
SECURITY_AUTHZ	packages/authz/src/failure-taxonomy-risk-boundary.js	c4b126db116aa08a3a84acf2319822d5ddc64c24	c4b126db116aa08a3a84acf2319822d5ddc64c24	BYTE_IDENTICAL	PRESERVED	blob_identity
SECURITY_AUTHZ	packages/authz/src/failure-taxonomy-test-fixture-boundary.js	757b9a69bcfbf4677f403f6db4b4ec9a4ab65b84	757b9a69bcfbf4677f403f6db4b4ec9a4ab65b84	BYTE_IDENTICAL	PRESERVED	blob_identity
SECURITY_AUTHZ	packages/authz/src/failure-taxonomy-workflow-binding.js	59063b5700035569dddfe9834cc46424c8597b78	59063b5700035569dddfe9834cc46424c8597b78	BYTE_IDENTICAL	PRESERVED	blob_identity
SECURITY_AUTHZ	packages/authz/src/fixture-evidence-permission-matrix.js	cc4b0b5e27f064f61f0d58bd45fcde0c2ce56c4f	cc4b0b5e27f064f61f0d58bd45fcde0c2ce56c4f	BYTE_IDENTICAL	PRESERVED	blob_identity
SECURITY_AUTHZ	packages/authz/src/fixture-evidence-review-readiness-catalog.js	5e9e19ef2b55336a7c8fc51a7539d99ed3cf2313	5e9e19ef2b55336a7c8fc51a7539d99ed3cf2313	BYTE_IDENTICAL	PRESERVED	blob_identity
SECURITY_AUTHZ	packages/authz/src/fixture-workflow-binding.js	de35d3a7c9539712d07b51ae288102ae730305ca	de35d3a7c9539712d07b51ae288102ae730305ca	BYTE_IDENTICAL	PRESERVED	blob_identity
SECURITY_AUTHZ	packages/authz/src/foundation-catalog.js	45fdd8e2c215b3f4b36e537777a5a9e6dd01c4c6	45fdd8e2c215b3f4b36e537777a5a9e6dd01c4c6	BYTE_IDENTICAL	PRESERVED	blob_identity
SECURITY_AUTHZ	packages/authz/src/hermes-evidence-synthetic-fixture-boundary.js	fbd9613ad58a70583705f4f037e485617e2f629c	fbd9613ad58a70583705f4f037e485617e2f629c	BYTE_IDENTICAL	PRESERVED	blob_identity
SECURITY_AUTHZ	packages/authz/src/hermes-evidence-synthetic-fixture-verdict-boundary.js	a62d51828f41056dae96069cb1b26a938f16ec80	a62d51828f41056dae96069cb1b26a938f16ec80	BYTE_IDENTICAL	PRESERVED	blob_identity
SECURITY_AUTHZ	packages/authz/src/hermes-evidence-workflow-binding.js	c6ea0b146e886da47920373a9990ba16056bd8aa	c6ea0b146e886da47920373a9990ba16056bd8aa	BYTE_IDENTICAL	PRESERVED	blob_identity
SECURITY_AUTHZ	packages/authz/src/hrx-break-glass.js	6f9b014f9914db536700e02682eb88571aa18dea	6f9b014f9914db536700e02682eb88571aa18dea	BYTE_IDENTICAL	PRESERVED	blob_identity
SECURITY_AUTHZ	packages/authz/src/hrx-candidate-policy.js	aaeeb0505dbf487a6820e1563157bdd1c3505f73	aaeeb0505dbf487a6820e1563157bdd1c3505f73	BYTE_IDENTICAL	PRESERVED	blob_identity
SECURITY_AUTHZ	packages/authz/src/hrx-compensation-policy.js	13f360c861e0832577d20b0171c1e86e831acdee	13f360c861e0832577d20b0171c1e86e831acdee	BYTE_IDENTICAL	PRESERVED	blob_identity
SECURITY_AUTHZ	packages/authz/src/hrx-evaluation-policy.js	d7b6f3ebaa818cceb94de9e2ef8cee749297fbda	d7b6f3ebaa818cceb94de9e2ef8cee749297fbda	BYTE_IDENTICAL	PRESERVED	blob_identity
SECURITY_AUTHZ	packages/authz/src/hrx-policy-engine.js	a3d4964e3dba5cf65555ae2a4d6d9762337e3960	42a9eeb02cb25ed3f2647562f993ebecc9340b7b	MODIFIED	STRENGTHENED_ROLE_PURPOSE_SCOPE_SESSION_BOUNDARY	authz_api_security_tests
SECURITY_AUTHZ	packages/authz/src/hrx-sensitive-scopes.js	950840a12854779675520c38dca7d86593acef33	b2e691555c9bdd8ecfada6970dbfc9b75c4907fd	MODIFIED	STRENGTHENED_ROLE_PURPOSE_SCOPE_SESSION_BOUNDARY	authz_api_security_tests
SECURITY_AUTHZ	packages/authz/src/hrx-step-up-session.js	2acbdc959ff37a2b06b94668f81a6b32740ceca7	2acbdc959ff37a2b06b94668f81a6b32740ceca7	BYTE_IDENTICAL	PRESERVED	blob_identity
SECURITY_AUTHZ	packages/authz/src/index.js	1c318260f2299e440e3b9d93c2a3a3c78fc7646c	1c318260f2299e440e3b9d93c2a3a3c78fc7646c	BYTE_IDENTICAL	PRESERVED	blob_identity
SECURITY_AUTHZ	packages/authz/src/interface-closeout-catalog.js	2e0581c32d6245db275028708126e9c1c0222bee	2e0581c32d6245db275028708126e9c1c0222bee	BYTE_IDENTICAL	PRESERVED	blob_identity
SECURITY_AUTHZ	packages/authz/src/legal-hold-store.js	32ed1e24d5ad592d57ce3359731a0aa5914e8652	32ed1e24d5ad592d57ce3359731a0aa5914e8652	BYTE_IDENTICAL	PRESERVED	blob_identity
SECURITY_AUTHZ	packages/authz/src/matter-permission-envelope.js	ce0fce46891b8998d1cdbf4b724636154f22df3a	ce0fce46891b8998d1cdbf4b724636154f22df3a	BYTE_IDENTICAL	PRESERVED	blob_identity
SECURITY_AUTHZ	packages/authz/src/model-service-catalog.js	ac83d38a51d228ebf3e60992be5c4372f867b99c	ac83d38a51d228ebf3e60992be5c4372f867b99c	BYTE_IDENTICAL	PRESERVED	blob_identity
SECURITY_AUTHZ	packages/authz/src/object-acl-store.js	0dd5933892a3f2134ae8961b2fbf8ebc6534e665	0dd5933892a3f2134ae8961b2fbf8ebc6534e665	BYTE_IDENTICAL	PRESERVED	blob_identity
SECURITY_AUTHZ	packages/authz/src/permission-audit-terminal-boundary.js	37b6e4c30d0caae822a77022e5b00bf33b420a59	37b6e4c30d0caae822a77022e5b00bf33b420a59	BYTE_IDENTICAL	PRESERVED	blob_identity
SECURITY_AUTHZ	packages/authz/src/permission-context-store.js	49d514fc8ca08628bec85cf99e63cae6c743db2c	49d514fc8ca08628bec85cf99e63cae6c743db2c	BYTE_IDENTICAL	PRESERVED	blob_identity
SECURITY_AUTHZ	packages/authz/src/permission-controls.js	256a9146f1e04e99e72cb2f18c49f98ee91f546f	256a9146f1e04e99e72cb2f18c49f98ee91f546f	BYTE_IDENTICAL	PRESERVED	blob_identity
SECURITY_AUTHZ	packages/authz/src/permission-fixture-failure-taxonomy.js	3b9f8871954a47cbd7011deede27c5dcb7781322	3b9f8871954a47cbd7011deede27c5dcb7781322	BYTE_IDENTICAL	PRESERVED	blob_identity
SECURITY_AUTHZ	packages/authz/src/permission-matrix-risk-boundary.js	a7b797d9842cc15d0320db5204f5d0397dcdf7cb	a7b797d9842cc15d0320db5204f5d0397dcdf7cb	BYTE_IDENTICAL	PRESERVED	blob_identity
SECURITY_AUTHZ	packages/authz/src/permission-matrix-workflow-binding.js	9b87221aea75fa6c015d7d2c4d6cb35c18de185a	9b87221aea75fa6c015d7d2c4d6cb35c18de185a	BYTE_IDENTICAL	PRESERVED	blob_identity
SECURITY_AUTHZ	packages/authz/src/policy-store.js	a1f42edbb8de2b851c7cec713baa6233a0738f5d	a1f42edbb8de2b851c7cec713baa6233a0738f5d	BYTE_IDENTICAL	PRESERVED	blob_identity
SECURITY_AUTHZ	packages/authz/src/privacy-minimization.js	a1dfb3bd29a0a9da0813f5aa4c94b6b3fa3c458b	a1dfb3bd29a0a9da0813f5aa4c94b6b3fa3c458b	BYTE_IDENTICAL	PRESERVED	blob_identity
SECURITY_AUTHZ	packages/authz/src/service-workflow.js	01809928b2ce355406e8a524c3859f353bdbffaf	01809928b2ce355406e8a524c3859f353bdbffaf	BYTE_IDENTICAL	PRESERVED	blob_identity
SECURITY_AUTHZ	packages/authz/src/sso-subject-map.js	c5fb7e83c1215698fef2e66758c249a1627e5570	c5fb7e83c1215698fef2e66758c249a1627e5570	BYTE_IDENTICAL	PRESERVED	blob_identity
SECURITY_AUTHZ	packages/authz/src/synthetic-fixture-boundary.js	114c53160afbd4cd3828a0b5a8cc9851842c823c	114c53160afbd4cd3828a0b5a8cc9851842c823c	BYTE_IDENTICAL	PRESERVED	blob_identity
SECURITY_AUTHZ	packages/authz/src/terminal-review-closeout-readiness-catalog.js	6889d754734cd67dc9c9897c528b3e24a0ec5753	6889d754734cd67dc9c9897c528b3e24a0ec5753	BYTE_IDENTICAL	PRESERVED	blob_identity
SECURITY_AUTHZ	packages/authz/src/terminal-review-question-boundary.js	a06f556d252d20b565cd2d1ab867102f067f0162	a06f556d252d20b565cd2d1ab867102f067f0162	BYTE_IDENTICAL	PRESERVED	blob_identity
SECURITY_AUTHZ	packages/authz/src/trust-context.js	575dcfb377af8022f8b6188518b96ee663a26e2f	ee6f248ce9a28e65f5bebafbd2cf3b9bebdf4270	MODIFIED	STRENGTHENED_ROLE_PURPOSE_SCOPE_SESSION_BOUNDARY	authz_api_security_tests
SECURITY_AUTHZ	packages/authz/src/trust-runtime-store.js	46c961d7fa29c9c6cd939c5941787ab24813194d	46c961d7fa29c9c6cd939c5941787ab24813194d	BYTE_IDENTICAL	PRESERVED	blob_identity
SECURITY_AUTHZ	packages/authz/src/ui-evidence-state-snapshot.js	69f22ce8fee1748a46e71720ca6f1490848089a9	69f22ce8fee1748a46e71720ca6f1490848089a9	BYTE_IDENTICAL	PRESERVED	blob_identity
SECURITY_AUTHZ	packages/authz/src/ui-permission-audit-binding.js	28769f0f07851ca9cfe458a72e23f60f38e9bc4a	28769f0f07851ca9cfe458a72e23f60f38e9bc4a	BYTE_IDENTICAL	PRESERVED	blob_identity
SECURITY_AUTHZ	packages/authz/src/ui-synthetic-fixture-golden-case-catalog.js	bdab9e42b49c65f61676b808045d38a3e1727686	bdab9e42b49c65f61676b808045d38a3e1727686	BYTE_IDENTICAL	PRESERVED	blob_identity
SECURITY_AUTHZ	packages/authz/src/vault-object-acl.js	315e82e9ae777a3baeb0ea3f5b8ef3737fe6dded	315e82e9ae777a3baeb0ea3f5b8ef3737fe6dded	BYTE_IDENTICAL	PRESERVED	blob_identity
SECURITY_AUTHZ	packages/authz/test/authz.test.js	7f9ddfd6f0eda184875a0b0a1ddaf7a066a20f35	7f9ddfd6f0eda184875a0b0a1ddaf7a066a20f35	BYTE_IDENTICAL	PRESERVED	blob_identity
SECURITY_AUTHZ	packages/authz/test/hrx-break-glass.test.js	3b33337f33ae5f14c8d7fb1a1943423c6cba9ee7	3b33337f33ae5f14c8d7fb1a1943423c6cba9ee7	BYTE_IDENTICAL	PRESERVED	blob_identity
SECURITY_AUTHZ	packages/authz/test/hrx-candidate-policy.test.js	d18d35824f2f0f049a3da5e2b8c532bf5802862b	d18d35824f2f0f049a3da5e2b8c532bf5802862b	BYTE_IDENTICAL	PRESERVED	blob_identity
SECURITY_AUTHZ	packages/authz/test/hrx-compensation-policy.test.js	e92b1c4e45237d1fb7021d6745b0d5d70dc9b810	e92b1c4e45237d1fb7021d6745b0d5d70dc9b810	BYTE_IDENTICAL	PRESERVED	blob_identity
SECURITY_AUTHZ	packages/authz/test/hrx-evaluation-policy.test.js	b410aebd4de295eb403384b51d7ff4f9fd9fee41	b410aebd4de295eb403384b51d7ff4f9fd9fee41	BYTE_IDENTICAL	PRESERVED	blob_identity
SECURITY_AUTHZ	packages/authz/test/hrx-policy-engine.test.js	70b66751062ef9de4f864c6fdea133946ea79ffa	25eb04f94ef8794207a237495eecd6ecd1ded62c	MODIFIED	STRENGTHENED_ROLE_PURPOSE_SCOPE_SESSION_BOUNDARY	authz_api_security_tests
SECURITY_AUTHZ	packages/authz/test/hrx-scopes.test.js	c2b9a0969a44b7bbb6167b08d5a2d8388f56340d	c2b9a0969a44b7bbb6167b08d5a2d8388f56340d	BYTE_IDENTICAL	PRESERVED	blob_identity
SECURITY_AUTHZ	packages/authz/test/hrx-step-up-session.test.js	45a4ff837f79bdecc68b8ab82784dc4476f680d8	45a4ff837f79bdecc68b8ab82784dc4476f680d8	BYTE_IDENTICAL	PRESERVED	blob_identity
SECURITY_AUTHZ	packages/authz/test/sso-subject-map.test.js	f6aaed342053dd3e2044f5a9793dc15062ff816a	f6aaed342053dd3e2044f5a9793dc15062ff816a	BYTE_IDENTICAL	PRESERVED	blob_identity
SECURITY_AUTHZ	packages/authz/test/trust-runtime-stores.test.js	1911b38dd3eb99ae6cefaeef427430cbd4b7a650	1911b38dd3eb99ae6cefaeef427430cbd4b7a650	BYTE_IDENTICAL	PRESERVED	blob_identity
SECURITY_AUTHZ	packages/dms/test/client-matter-g4-dms-security-email-search.test.js	6cb790db726384284f4c8fe781fa09b8abe92a93	6cb790db726384284f4c8fe781fa09b8abe92a93	BYTE_IDENTICAL	PRESERVED	blob_identity
SECURITY_AUTHZ	packages/enterprise/test/client-matter-g7-qa-security-baseline.test.js	b8419360a2c8e10343b6e731c7dbbcb0d45b44a3	b8419360a2c8e10343b6e731c7dbbcb0d45b44a3	BYTE_IDENTICAL	PRESERVED	blob_identity
SECURITY_AUTHZ	packages/hrx/test/ai-rag-authz.test.js	e31c19596e0fbf8bcf4322a71b80903bd2f88f5a	c82948666e382964c27f04495837b71c0070f89a	MODIFIED	STRENGTHENED_ROLE_PURPOSE_SCOPE_SESSION_BOUNDARY	authz_api_security_tests
BACKUP_DR	packages/persistence/src/backup.js	0e66623438cfcde3d417b443b44eec48596c8398	0e66623438cfcde3d417b443b44eec48596c8398	BYTE_IDENTICAL	PRESERVED	blob_identity
BACKUP_DR	packages/persistence/test/residency-backup.test.js	6c613c5674fb930c224decd1922100afc6ff9eee	6c613c5674fb930c224decd1922100afc6ff9eee	BYTE_IDENTICAL	PRESERVED	blob_identity
SECURITY_AUTHZ	packages/platform/src/secrets/secret-guard.js	234f1dea76ced0c56d84ececbc656d20b817dfe7	234f1dea76ced0c56d84ececbc656d20b817dfe7	BYTE_IDENTICAL	PRESERVED	blob_identity
RELEASE_INFRA	packages/platform/test/client-matter-g7-release-readiness-closeout.test.js	f35608ef1be1f7fc42b61b7c2dc6c8309296950f	f35608ef1be1f7fc42b61b7c2dc6c8309296950f	BYTE_IDENTICAL	PRESERVED	blob_identity
SECURITY_AUTHZ	packages/runtime-auth/package.json	ef847e07208c148cd12847515303f2eaf0c82fa5	ef847e07208c148cd12847515303f2eaf0c82fa5	BYTE_IDENTICAL	PRESERVED	blob_identity
SECURITY_AUTHZ	packages/runtime-auth/src/assurance.js	641e7638f71861a270a84849d71bd6bf5efb4a79	641e7638f71861a270a84849d71bd6bf5efb4a79	BYTE_IDENTICAL	PRESERVED	blob_identity
SECURITY_AUTHZ	packages/runtime-auth/src/audit.js	f936c19ec18808893e6e641414ea03913704a011	f936c19ec18808893e6e641414ea03913704a011	BYTE_IDENTICAL	PRESERVED	blob_identity
SECURITY_AUTHZ	packages/runtime-auth/src/authz-context.js	7016e10445f8b11e62c973d1edf40ba2d377e7ad	7016e10445f8b11e62c973d1edf40ba2d377e7ad	BYTE_IDENTICAL	PRESERVED	blob_identity
SECURITY_AUTHZ	packages/runtime-auth/src/break-glass.js	58711981a1c2fd24ed203dfae7abee6cdbe3b5ee	58711981a1c2fd24ed203dfae7abee6cdbe3b5ee	BYTE_IDENTICAL	PRESERVED	blob_identity
SECURITY_AUTHZ	packages/runtime-auth/src/index.js	3c2680fbd5367c4aed1a9496a887050562767220	3c2680fbd5367c4aed1a9496a887050562767220	BYTE_IDENTICAL	PRESERVED	blob_identity
SECURITY_AUTHZ	packages/runtime-auth/src/local-provider.js	885b533167bee4d14204af4762d31b2e75d927a9	885b533167bee4d14204af4762d31b2e75d927a9	BYTE_IDENTICAL	PRESERVED	blob_identity
SECURITY_AUTHZ	packages/runtime-auth/src/membership.js	8a9d55424fb862917302101d747b58c039ab40aa	8a9d55424fb862917302101d747b58c039ab40aa	BYTE_IDENTICAL	PRESERVED	blob_identity
SECURITY_AUTHZ	packages/runtime-auth/src/policy-hooks.js	4f4dc14ed86b30cd337c1c442528351cc831ccfc	4f4dc14ed86b30cd337c1c442528351cc831ccfc	BYTE_IDENTICAL	PRESERVED	blob_identity
SECURITY_AUTHZ	packages/runtime-auth/src/principal.js	fc8b04dfb13e203c567a7824cffe1770c224307a	fc8b04dfb13e203c567a7824cffe1770c224307a	BYTE_IDENTICAL	PRESERVED	blob_identity
SECURITY_AUTHZ	packages/runtime-auth/src/provider.js	ba35d161a347693ded4e5f446828f799b0606381	ba35d161a347693ded4e5f446828f799b0606381	BYTE_IDENTICAL	PRESERVED	blob_identity
SECURITY_AUTHZ	packages/runtime-auth/src/session.js	c5dffdeb395e0c631d5992c16aecd2dc9cd5441d	c5dffdeb395e0c631d5992c16aecd2dc9cd5441d	BYTE_IDENTICAL	PRESERVED	blob_identity
SECURITY_AUTHZ	packages/runtime-auth/test/audit-break-glass.test.js	738e6202f6fb58040dcf6c0d550892f4c612f889	738e6202f6fb58040dcf6c0d550892f4c612f889	BYTE_IDENTICAL	PRESERVED	blob_identity
SECURITY_AUTHZ	packages/runtime-auth/test/authz-context.test.js	fc6abdc612ccd53577c2db4da74f8f6b6bf91d22	fc6abdc612ccd53577c2db4da74f8f6b6bf91d22	BYTE_IDENTICAL	PRESERVED	blob_identity
SECURITY_AUTHZ	packages/runtime-auth/test/matter-vault-user-registration-seed.test.js	7b4efa1f712519a3a910b4c8c91ab3acdb167849	c55d9467ec77400e49eed645ce45547d4ef83fdf	MODIFIED	STRENGTHENED_ROLE_PURPOSE_SCOPE_SESSION_BOUNDARY	authz_api_security_tests
SECURITY_AUTHZ	packages/runtime-auth/test/principal.test.js	92a2837bf84aabdc61a322ddabda9a9a6c4f2e60	92a2837bf84aabdc61a322ddabda9a9a6c4f2e60	BYTE_IDENTICAL	PRESERVED	blob_identity
SECURITY_AUTHZ	packages/runtime-auth/test/session-provider.test.js	d1d153c358f3d8f5ce0d169ea0daab0d46105284	d1d153c358f3d8f5ce0d169ea0daab0d46105284	BYTE_IDENTICAL	PRESERVED	blob_identity
SECURITY_AUTHZ	packages/runtime-integration/test/security-boundary.test.js	9899cecd9cc6a7430627bb20ae46de8d560e35bc	9899cecd9cc6a7430627bb20ae46de8d560e35bc	BYTE_IDENTICAL	PRESERVED	blob_identity
CRITICAL_OPERATIONS	scripts/audit-launch-authority-traceability.mjs	8cc7a44ae3ac293ff0ce26f860d57478874c26cd	8cc7a44ae3ac293ff0ce26f860d57478874c26cd	BYTE_IDENTICAL	PRESERVED	blob_identity
RELEASE_INFRA	scripts/audit-no-in-memory-production.mjs	4a1b9089180a38005571c1c56e2d7e78d777703a	4a1b9089180a38005571c1c56e2d7e78d777703a	BYTE_IDENTICAL	PRESERVED	blob_identity
BACKUP_DR	scripts/drill-matter-vault-backup-restore.mjs	fe6b758ebccd9afc8f9ceb9b7f23d1c0ce6527a6	6b7a8ee6115434038e47e4a27640492d1481b521	MODIFIED	STRENGTHENED_EXECUTABLE_SYNTHETIC_DRILL	backup_tests_and_drill
BACKUP_DR	scripts/hrx-backup-restore-smoke.mjs	a885c38d2a87f8c5f99e20ad05d857263771a5bb	a885c38d2a87f8c5f99e20ad05d857263771a5bb	BYTE_IDENTICAL	PRESERVED	blob_identity
RELEASE_INFRA	scripts/release-matter-desktop-formal.mjs	421e4bbef4c579a642e333dc0654e41a75233997	2f4e5ad14abd66a373d6974ad5c4dfe9cfd7bc4b	MODIFIED	STRENGTHENED_SHA_SCOPED_RELEASE_GATE	pv_source_and_unit_validators
RELEASE_INFRA	scripts/release-matter-desktop-temporary.mjs	d67b8f92d069f1fe690665751fba971ccc4fc062	b334fda82d1e98f5077f5b4fd01a912931f7119a	MODIFIED	STRENGTHENED_SHA_SCOPED_RELEASE_GATE	pv_source_and_unit_validators
RELEASE_INFRA	scripts/run-lcx-vltui-production-smoke.mjs	15be5b9db8fae8670877a932b98dcaae9e1ca564	8145ca3a8d52fb7e722f8c908c38884d37e750b0	MODIFIED	STRENGTHENED_SIGNED_PROBE_BOUNDARY	syntax_and_non_go_live_guard
CRITICAL_OPERATIONS	scripts/run-lcx8-shell-auth-local-actions-proof.mjs	a48cc821bc133598b35f1dbca7031ac1758148a8	6ffa2a37302cf73b906c39cb04689a4e89411ebf	MODIFIED	PRESERVED_CURRENT_FOREST_LABELS	syntax_check
RELEASE_INFRA	scripts/smoke-hrx-production.mjs	f0d269adc1c1ddd9e1e102ad2580884b04f86ccc	b19331cd8e9a4c16517ad2e5dc3f4966449697e7	MODIFIED	SUPERSEDED_BY_SIGNED_SESSION_BOUNDARY	negative_security_smoke_and_authz_tests
AWS_RUNTIME_AUTH	scripts/smoke-matter-desktop-aws-runtime.mjs	063886262801422f32a1068873502bc4a607a24f	6c3ade45310b5d2d49d5f690fbdeae52dcfcd48a	MODIFIED	STRENGTHENED_PROTECTED_RESET_ACCOUNT	desktop_auth_tests
CRITICAL_OPERATIONS	scripts/update-lcx8-shell-auth-local-actions-closeout.mjs	39fd240b2597efffa43cda564f367b50db1d8c84	39fd240b2597efffa43cda564f367b50db1d8c84	BYTE_IDENTICAL	PRESERVED	blob_identity
RELEASE_INFRA	scripts/validate-hrx-release-adoption.mjs	f7a19e20f19e373f6d7579be4af3575750669c2e	f7a19e20f19e373f6d7579be4af3575750669c2e	BYTE_IDENTICAL	PRESERVED	blob_identity
RELEASE_INFRA	scripts/validate-hrx-release-readiness.mjs	279be8faa7f1b46c259a186dae8238fcdeef5aaa	279be8faa7f1b46c259a186dae8238fcdeef5aaa	BYTE_IDENTICAL	PRESERVED	blob_identity
SECURITY_AUTHZ	scripts/validate-hrx-route-authz.mjs	dc1475cf424a8b677ccbd269914dcc8d0649049c	982d2a30ad53b5d3dd7f1393b4b230f9f2bcc9a0	MODIFIED	STRENGTHENED_ROLE_PURPOSE_SCOPE_SESSION_BOUNDARY	authz_api_security_tests
SECURITY_AUTHZ	scripts/validate-hrx-security-negative-tests.mjs	06eaf9b7c5f73af3d3236c30c1b0ce71c0683d9f	06eaf9b7c5f73af3d3236c30c1b0ce71c0683d9f	BYTE_IDENTICAL	PRESERVED	blob_identity
RELEASE_INFRA	scripts/validate-lcx-hrx-sft-production-rollout.mjs	a889b4ced28614e82a3d4cc4444399ee8a086464	6f26e5b886618e5e3eea502a328402ee399e8616	MODIFIED	SUPERSEDED_RETIRED_UI_REFERENCE	rollout_validator
RELEASE_INFRA	scripts/validate-matter-desktop-formal-release-bundle.mjs	2943183a2dca978c5f63d599273defb03b2ede91	68666b490c8d9f48c29eca71caf661395493b628	MODIFIED	STRENGTHENED_SHA_SCOPED_RELEASE_GATE	pv_source_and_unit_validators
RELEASE_INFRA	scripts/validate-matter-desktop-no-public-release-claim.mjs	d9895ef0cea28d8a48947a730c1ad31e7b79ba65	d9895ef0cea28d8a48947a730c1ad31e7b79ba65	BYTE_IDENTICAL	PRESERVED	blob_identity
RELEASE_INFRA	scripts/validate-matter-desktop-nonwindows-release-gates.mjs	df436ec4eb01abd678f189ffbb733f3069cbbf79	df436ec4eb01abd678f189ffbb733f3069cbbf79	BYTE_IDENTICAL	PRESERVED	blob_identity
RELEASE_INFRA	scripts/validate-matter-desktop-production-go-live-decision-intake.mjs	ff653d3624296f7a01c6cd3a9f053dd4788ded98	ff653d3624296f7a01c6cd3a9f053dd4788ded98	BYTE_IDENTICAL	PRESERVED	blob_identity
RELEASE_INFRA	scripts/validate-matter-desktop-production-go-live-receipt.mjs	40026135e7bf41abec770f613114e5fb4be8c414	40026135e7bf41abec770f613114e5fb4be8c414	BYTE_IDENTICAL	PRESERVED	blob_identity
RELEASE_INFRA	scripts/validate-matter-desktop-release-boundary.mjs	00fd19dc8d4684c9101ac8c256114609c552deea	c914f185dd6b20131442f1e5d0fe9aaa9a718c60	MODIFIED	STRENGTHENED_SHA_SCOPED_RELEASE_GATE	pv_source_and_unit_validators
SECURITY_AUTHZ	scripts/validate-matter-desktop-security.mjs	d4c6c2e1c8b0077374e15842673d75a5f0c935fe	d4c6c2e1c8b0077374e15842673d75a5f0c935fe	BYTE_IDENTICAL	PRESERVED	blob_identity
RELEASE_INFRA	scripts/validate-matter-desktop-temporary-release-bundle.mjs	68739224cfb833608911e62718604ca5470b7a37	8bfa82064c6bb08b73d02f6b728d0a60f3eaf272	MODIFIED	STRENGTHENED_SHA_SCOPED_RELEASE_GATE	pv_source_and_unit_validators
RELEASE_INFRA	scripts/validate-matter-desktop-temporary-release-plan.mjs	4a29ee8bfd43a304c4a3ae15a3cca2a0ad272f44	4a29ee8bfd43a304c4a3ae15a3cca2a0ad272f44	BYTE_IDENTICAL	PRESERVED	blob_identity
RELEASE_INFRA	scripts/validate-matter-desktop-windows-authenticode-approval-intake.mjs	6a7b89648de97e6874ef189bc8022b2a65b1290f	6a7b89648de97e6874ef189bc8022b2a65b1290f	BYTE_IDENTICAL	PRESERVED	blob_identity
RELEASE_INFRA	scripts/validate-matter-desktop-windows-authenticode-azure-receipt.mjs	f6c46a4347d768f2d16cb426815e8130d3f655c2	f6c46a4347d768f2d16cb426815e8130d3f655c2	BYTE_IDENTICAL	PRESERVED	blob_identity
RELEASE_INFRA	scripts/validate-matter-desktop-windows-authenticode-korea-provider-pivot.mjs	99523122bc96eb5c7c63660d09f7b54a47953954	99523122bc96eb5c7c63660d09f7b54a47953954	BYTE_IDENTICAL	PRESERVED	blob_identity
RELEASE_INFRA	scripts/validate-matter-desktop-windows-authenticode-preflight.mjs	db0e3d8e57486c087eb2a58f73861bbc34ceb5d3	db0e3d8e57486c087eb2a58f73861bbc34ceb5d3	BYTE_IDENTICAL	PRESERVED	blob_identity
RELEASE_INFRA	scripts/validate-matter-desktop-windows-unsigned-release-asset.mjs	3f8b57e10d80c38af4c4c069bf09fbfcf9427565	3f8b57e10d80c38af4c4c069bf09fbfcf9427565	BYTE_IDENTICAL	PRESERVED	blob_identity
AWS_RUNTIME_AUTH	scripts/validate-matter-vault-r4-aws-env-plan.mjs	8ce9c10021ed15a657e9a5004f06ded9d7d2e135	8ce9c10021ed15a657e9a5004f06ded9d7d2e135	BYTE_IDENTICAL	PRESERVED	blob_identity
SECURITY_AUTHZ	scripts/validate-matter-vault-r4-local-secrets.mjs	6df2479579f5a86b6140bb3752f1224c6f328307	6df2479579f5a86b6140bb3752f1224c6f328307	BYTE_IDENTICAL	PRESERVED	blob_identity
