unit_id	source_migration	object_type	table	name	canonical_key	disposition	destination	forest_anchor	definition_sha256	rationale
011_hrx_payroll_items.sql|TABLE|hrx_payroll_items|hrx_payroll_items	011_hrx_payroll_items.sql	TABLE	hrx_payroll_items	hrx_payroll_items	TABLE:hrx_payroll_items:hrx_payroll_items	PORT_026_PLUS	026_hrx_payroll_catalog_assignments.sql	packages/hrx/src/migrations/021_hrx_payroll_runtime.sql	db6d51ec567c0f7e7cb31dd2e38581f1a757ab38a8454dd327cd9d125538a03c	Forest has calculated line items but no configurable payroll item catalog; this contract is additive.
011_hrx_payroll_items.sql|COLUMN|hrx_payroll_items|tenant_id	011_hrx_payroll_items.sql	COLUMN	hrx_payroll_items	tenant_id	COLUMN:hrx_payroll_items:tenant_id	PORT_026_PLUS	026_hrx_payroll_catalog_assignments.sql	packages/hrx/src/migrations/021_hrx_payroll_runtime.sql	313d3a6c5a8d3b04d7b41711e84cf6b41eb94a0d1731b1ef275a95a4675cc2bd	Forest has calculated line items but no configurable payroll item catalog; this contract is additive.
011_hrx_payroll_items.sql|COLUMN|hrx_payroll_items|item_id	011_hrx_payroll_items.sql	COLUMN	hrx_payroll_items	item_id	COLUMN:hrx_payroll_items:item_id	PORT_026_PLUS	026_hrx_payroll_catalog_assignments.sql	packages/hrx/src/migrations/021_hrx_payroll_runtime.sql	9a88f0f471df1a27be767b20a00f639625c5eb27cd8c549f34e45821d7f3bfb7	Forest has calculated line items but no configurable payroll item catalog; this contract is additive.
011_hrx_payroll_items.sql|COLUMN|hrx_payroll_items|code	011_hrx_payroll_items.sql	COLUMN	hrx_payroll_items	code	COLUMN:hrx_payroll_items:code	PORT_026_PLUS	026_hrx_payroll_catalog_assignments.sql	packages/hrx/src/migrations/021_hrx_payroll_runtime.sql	f66b55b8338a387593b68ec23f409a56efddf096f5aff934255f625451d9dc06	Forest has calculated line items but no configurable payroll item catalog; this contract is additive.
011_hrx_payroll_items.sql|COLUMN|hrx_payroll_items|display_name	011_hrx_payroll_items.sql	COLUMN	hrx_payroll_items	display_name	COLUMN:hrx_payroll_items:display_name	PORT_026_PLUS	026_hrx_payroll_catalog_assignments.sql	packages/hrx/src/migrations/021_hrx_payroll_runtime.sql	1e525ce6b7ad654c46dadf6dac11ab3778dfb34f545def4cf317fbfdfd7aa7ad	Forest has calculated line items but no configurable payroll item catalog; this contract is additive.
011_hrx_payroll_items.sql|COLUMN|hrx_payroll_items|kind	011_hrx_payroll_items.sql	COLUMN	hrx_payroll_items	kind	COLUMN:hrx_payroll_items:kind	PORT_026_PLUS	026_hrx_payroll_catalog_assignments.sql	packages/hrx/src/migrations/021_hrx_payroll_runtime.sql	b6cdca6e971c6bb8659cd70bd229b36226fcd81d0d604a13007904b46ca0e55d	Forest has calculated line items but no configurable payroll item catalog; this contract is additive.
011_hrx_payroll_items.sql|COLUMN|hrx_payroll_items|tax_treatment	011_hrx_payroll_items.sql	COLUMN	hrx_payroll_items	tax_treatment	COLUMN:hrx_payroll_items:tax_treatment	PORT_026_PLUS	026_hrx_payroll_catalog_assignments.sql	packages/hrx/src/migrations/021_hrx_payroll_runtime.sql	1368918988542f4813d59290566590c12b31bf93ac47c39478b62c153ab9497f	Forest has calculated line items but no configurable payroll item catalog; this contract is additive.
011_hrx_payroll_items.sql|COLUMN|hrx_payroll_items|value_mode	011_hrx_payroll_items.sql	COLUMN	hrx_payroll_items	value_mode	COLUMN:hrx_payroll_items:value_mode	PORT_026_PLUS	026_hrx_payroll_catalog_assignments.sql	packages/hrx/src/migrations/021_hrx_payroll_runtime.sql	5228c6b140cb9b3ba913deff7786fc238b965eb50a336810efe9184f8829c5ae	Forest has calculated line items but no configurable payroll item catalog; this contract is additive.
011_hrx_payroll_items.sql|COLUMN|hrx_payroll_items|calculation_order	011_hrx_payroll_items.sql	COLUMN	hrx_payroll_items	calculation_order	COLUMN:hrx_payroll_items:calculation_order	PORT_026_PLUS	026_hrx_payroll_catalog_assignments.sql	packages/hrx/src/migrations/021_hrx_payroll_runtime.sql	90c0b2fe7c52185c2f1481790593768dddc7114cb47c7ade7e43ec94c7241387	Forest has calculated line items but no configurable payroll item catalog; this contract is additive.
011_hrx_payroll_items.sql|COLUMN|hrx_payroll_items|effective_from	011_hrx_payroll_items.sql	COLUMN	hrx_payroll_items	effective_from	COLUMN:hrx_payroll_items:effective_from	PORT_026_PLUS	026_hrx_payroll_catalog_assignments.sql	packages/hrx/src/migrations/021_hrx_payroll_runtime.sql	bb565452ca6166ebb089d4c940907464b4240b42b30981f6c13a128aab8d3430	Forest has calculated line items but no configurable payroll item catalog; this contract is additive.
011_hrx_payroll_items.sql|COLUMN|hrx_payroll_items|effective_to	011_hrx_payroll_items.sql	COLUMN	hrx_payroll_items	effective_to	COLUMN:hrx_payroll_items:effective_to	PORT_026_PLUS	026_hrx_payroll_catalog_assignments.sql	packages/hrx/src/migrations/021_hrx_payroll_runtime.sql	4cc757708c479ba62f148219f484b5b0fc477b118cd6f01cd9a57baccd0b614a	Forest has calculated line items but no configurable payroll item catalog; this contract is additive.
011_hrx_payroll_items.sql|COLUMN|hrx_payroll_items|status	011_hrx_payroll_items.sql	COLUMN	hrx_payroll_items	status	COLUMN:hrx_payroll_items:status	PORT_026_PLUS	026_hrx_payroll_catalog_assignments.sql	packages/hrx/src/migrations/021_hrx_payroll_runtime.sql	19191c90e234ddeb00cfd9df5eabe881b39b370d8a5ea5bc054b9899b888599d	Forest has calculated line items but no configurable payroll item catalog; this contract is additive.
011_hrx_payroll_items.sql|COLUMN|hrx_payroll_items|state_version	011_hrx_payroll_items.sql	COLUMN	hrx_payroll_items	state_version	COLUMN:hrx_payroll_items:state_version	PORT_026_PLUS	026_hrx_payroll_catalog_assignments.sql	packages/hrx/src/migrations/021_hrx_payroll_runtime.sql	465769d87fd4ff33b4cf14ce9dab20024c063574e5bc69ce8abc71515479e364	Forest has calculated line items but no configurable payroll item catalog; this contract is additive.
011_hrx_payroll_items.sql|COLUMN|hrx_payroll_items|created_at	011_hrx_payroll_items.sql	COLUMN	hrx_payroll_items	created_at	COLUMN:hrx_payroll_items:created_at	PORT_026_PLUS	026_hrx_payroll_catalog_assignments.sql	packages/hrx/src/migrations/021_hrx_payroll_runtime.sql	59e0b04a623e194d85b604d4d0ce462c610117180a630dcc41a768ac0a16cee1	Forest has calculated line items but no configurable payroll item catalog; this contract is additive.
011_hrx_payroll_items.sql|COLUMN|hrx_payroll_items|updated_at	011_hrx_payroll_items.sql	COLUMN	hrx_payroll_items	updated_at	COLUMN:hrx_payroll_items:updated_at	PORT_026_PLUS	026_hrx_payroll_catalog_assignments.sql	packages/hrx/src/migrations/021_hrx_payroll_runtime.sql	f4207af636585629721977827d88e46d1c5db64a984a4b7523fff05598be318a	Forest has calculated line items but no configurable payroll item catalog; this contract is additive.
011_hrx_payroll_items.sql|PRIMARY_KEY|hrx_payroll_items|tenant_id,item_id	011_hrx_payroll_items.sql	PRIMARY_KEY	hrx_payroll_items	tenant_id,item_id	PRIMARY_KEY:hrx_payroll_items:tenant_id,item_id	PORT_026_PLUS	026_hrx_payroll_catalog_assignments.sql	packages/hrx/src/migrations/021_hrx_payroll_runtime.sql	f29b82384db57bf19639e69b58ce8fc55ae920fcdbf4e8e299b2cc67fae23371	Forest has calculated line items but no configurable payroll item catalog; this contract is additive.
011_hrx_payroll_items.sql|UNIQUE|hrx_payroll_items|tenant_id,code	011_hrx_payroll_items.sql	UNIQUE	hrx_payroll_items	tenant_id,code	UNIQUE:hrx_payroll_items:tenant_id,code	PORT_026_PLUS	026_hrx_payroll_catalog_assignments.sql	packages/hrx/src/migrations/021_hrx_payroll_runtime.sql	6a9c8ff40f52877aa7e9628d1052dd35b19958da3e3649ac81e3a2afa0545521	Forest has calculated line items but no configurable payroll item catalog; this contract is additive.
011_hrx_payroll_items.sql|CONSTRAINT|hrx_payroll_items|hrx_payroll_items_kind_check	011_hrx_payroll_items.sql	CONSTRAINT	hrx_payroll_items	hrx_payroll_items_kind_check	CONSTRAINT:hrx_payroll_items:hrx_payroll_items_kind_check	PORT_026_PLUS	026_hrx_payroll_catalog_assignments.sql	packages/hrx/src/migrations/021_hrx_payroll_runtime.sql	2e2377d8f5217ee485dc8fe510bfc10d1a28a52133cb4ea9cf16248447e05734	Forest has calculated line items but no configurable payroll item catalog; this contract is additive.
011_hrx_payroll_items.sql|CONSTRAINT|hrx_payroll_items|hrx_payroll_items_tax_check	011_hrx_payroll_items.sql	CONSTRAINT	hrx_payroll_items	hrx_payroll_items_tax_check	CONSTRAINT:hrx_payroll_items:hrx_payroll_items_tax_check	PORT_026_PLUS	026_hrx_payroll_catalog_assignments.sql	packages/hrx/src/migrations/021_hrx_payroll_runtime.sql	58a5a4fbc0c3f1e8518ab3cf700682ad318c526102366b5b2d416f4c37e9e122	Forest has calculated line items but no configurable payroll item catalog; this contract is additive.
011_hrx_payroll_items.sql|CONSTRAINT|hrx_payroll_items|hrx_payroll_items_value_mode_check	011_hrx_payroll_items.sql	CONSTRAINT	hrx_payroll_items	hrx_payroll_items_value_mode_check	CONSTRAINT:hrx_payroll_items:hrx_payroll_items_value_mode_check	PORT_026_PLUS	026_hrx_payroll_catalog_assignments.sql	packages/hrx/src/migrations/021_hrx_payroll_runtime.sql	7f9ee3d586548a0f67c94c7c504309b79e8cf3979b637bf0346799f36f2efbde	Forest has calculated line items but no configurable payroll item catalog; this contract is additive.
011_hrx_payroll_items.sql|CONSTRAINT|hrx_payroll_items|hrx_payroll_items_order_check	011_hrx_payroll_items.sql	CONSTRAINT	hrx_payroll_items	hrx_payroll_items_order_check	CONSTRAINT:hrx_payroll_items:hrx_payroll_items_order_check	PORT_026_PLUS	026_hrx_payroll_catalog_assignments.sql	packages/hrx/src/migrations/021_hrx_payroll_runtime.sql	83c1b7b552c60238039e2dd0a66ee0daf15a154af30d916baeb3ab8102e90a34	Forest has calculated line items but no configurable payroll item catalog; this contract is additive.
011_hrx_payroll_items.sql|CONSTRAINT|hrx_payroll_items|hrx_payroll_items_status_check	011_hrx_payroll_items.sql	CONSTRAINT	hrx_payroll_items	hrx_payroll_items_status_check	CONSTRAINT:hrx_payroll_items:hrx_payroll_items_status_check	PORT_026_PLUS	026_hrx_payroll_catalog_assignments.sql	packages/hrx/src/migrations/021_hrx_payroll_runtime.sql	51df5310119b1a4148f6b902714ab3061fa0b52dc32028d92372332799227184	Forest has calculated line items but no configurable payroll item catalog; this contract is additive.
012_hrx_payroll_profiles.sql|TABLE|hrx_payroll_profiles|hrx_payroll_profiles	012_hrx_payroll_profiles.sql	TABLE	hrx_payroll_profiles	hrx_payroll_profiles	TABLE:hrx_payroll_profiles:hrx_payroll_profiles	FOREST_SUPERSEDED	-	packages/hrx/src/migrations/021_hrx_payroll_runtime.sql	7391f61457c4723a3a56ece3cf04932dc462913e3896709c25606f2857d9f606	Forest 021/023/024 already owns the richer canonical payroll profile; the root profile schema would create a second model.
012_hrx_payroll_profiles.sql|COLUMN|hrx_payroll_profiles|tenant_id	012_hrx_payroll_profiles.sql	COLUMN	hrx_payroll_profiles	tenant_id	COLUMN:hrx_payroll_profiles:tenant_id	FOREST_SUPERSEDED	-	packages/hrx/src/migrations/021_hrx_payroll_runtime.sql	313d3a6c5a8d3b04d7b41711e84cf6b41eb94a0d1731b1ef275a95a4675cc2bd	Forest 021/023/024 already owns the richer canonical payroll profile; the root profile schema would create a second model.
012_hrx_payroll_profiles.sql|COLUMN|hrx_payroll_profiles|payroll_profile_id	012_hrx_payroll_profiles.sql	COLUMN	hrx_payroll_profiles	payroll_profile_id	COLUMN:hrx_payroll_profiles:payroll_profile_id	FOREST_SUPERSEDED	-	packages/hrx/src/migrations/021_hrx_payroll_runtime.sql	c139276cc4b07fbfeb6af531bd8ffebdf850f66dd451a889a1aef95bf0397b21	Forest 021/023/024 already owns the richer canonical payroll profile; the root profile schema would create a second model.
012_hrx_payroll_profiles.sql|COLUMN|hrx_payroll_profiles|employee_id	012_hrx_payroll_profiles.sql	COLUMN	hrx_payroll_profiles	employee_id	COLUMN:hrx_payroll_profiles:employee_id	FOREST_SUPERSEDED	-	packages/hrx/src/migrations/021_hrx_payroll_runtime.sql	32d5d1dc788266b55d68486672f39145ae04b4df3c34eb04960710ec3e75eaed	Forest 021/023/024 already owns the richer canonical payroll profile; the root profile schema would create a second model.
012_hrx_payroll_profiles.sql|COLUMN|hrx_payroll_profiles|version	012_hrx_payroll_profiles.sql	COLUMN	hrx_payroll_profiles	version	COLUMN:hrx_payroll_profiles:version	FOREST_SUPERSEDED	-	packages/hrx/src/migrations/021_hrx_payroll_runtime.sql	fa60f7027a26b19273eec01a129887a9c072d680a88a7d02549f907273f02734	Forest 021/023/024 already owns the richer canonical payroll profile; the root profile schema would create a second model.
012_hrx_payroll_profiles.sql|COLUMN|hrx_payroll_profiles|currency_ref	012_hrx_payroll_profiles.sql	COLUMN	hrx_payroll_profiles	currency_ref	COLUMN:hrx_payroll_profiles:currency_ref	FOREST_SUPERSEDED	-	packages/hrx/src/migrations/021_hrx_payroll_runtime.sql	84885b08b1e1f69fd6b936ee92e979d7acf25091e5f2e0b365ed96e0317f6108	Forest 021/023/024 already owns the richer canonical payroll profile; the root profile schema would create a second model.
012_hrx_payroll_profiles.sql|COLUMN|hrx_payroll_profiles|pay_frequency	012_hrx_payroll_profiles.sql	COLUMN	hrx_payroll_profiles	pay_frequency	COLUMN:hrx_payroll_profiles:pay_frequency	FOREST_SUPERSEDED	-	packages/hrx/src/migrations/021_hrx_payroll_runtime.sql	81418e16e8332303771020afc7b50b4f252fd82583fa52100788419e94bb055e	Forest 021/023/024 already owns the richer canonical payroll profile; the root profile schema would create a second model.
012_hrx_payroll_profiles.sql|COLUMN|hrx_payroll_profiles|effective_from	012_hrx_payroll_profiles.sql	COLUMN	hrx_payroll_profiles	effective_from	COLUMN:hrx_payroll_profiles:effective_from	FOREST_SUPERSEDED	-	packages/hrx/src/migrations/021_hrx_payroll_runtime.sql	bb565452ca6166ebb089d4c940907464b4240b42b30981f6c13a128aab8d3430	Forest 021/023/024 already owns the richer canonical payroll profile; the root profile schema would create a second model.
012_hrx_payroll_profiles.sql|COLUMN|hrx_payroll_profiles|effective_to	012_hrx_payroll_profiles.sql	COLUMN	hrx_payroll_profiles	effective_to	COLUMN:hrx_payroll_profiles:effective_to	FOREST_SUPERSEDED	-	packages/hrx/src/migrations/021_hrx_payroll_runtime.sql	4cc757708c479ba62f148219f484b5b0fc477b118cd6f01cd9a57baccd0b614a	Forest 021/023/024 already owns the richer canonical payroll profile; the root profile schema would create a second model.
012_hrx_payroll_profiles.sql|COLUMN|hrx_payroll_profiles|status	012_hrx_payroll_profiles.sql	COLUMN	hrx_payroll_profiles	status	COLUMN:hrx_payroll_profiles:status	FOREST_SUPERSEDED	-	packages/hrx/src/migrations/021_hrx_payroll_runtime.sql	19191c90e234ddeb00cfd9df5eabe881b39b370d8a5ea5bc054b9899b888599d	Forest 021/023/024 already owns the richer canonical payroll profile; the root profile schema would create a second model.
012_hrx_payroll_profiles.sql|COLUMN|hrx_payroll_profiles|source_ref	012_hrx_payroll_profiles.sql	COLUMN	hrx_payroll_profiles	source_ref	COLUMN:hrx_payroll_profiles:source_ref	FOREST_SUPERSEDED	-	packages/hrx/src/migrations/021_hrx_payroll_runtime.sql	389645c98053651e505a8bf6396a8434bca0f514cb2bd9e1382a4edcd43fa85e	Forest 021/023/024 already owns the richer canonical payroll profile; the root profile schema would create a second model.
012_hrx_payroll_profiles.sql|COLUMN|hrx_payroll_profiles|created_at	012_hrx_payroll_profiles.sql	COLUMN	hrx_payroll_profiles	created_at	COLUMN:hrx_payroll_profiles:created_at	FOREST_SUPERSEDED	-	packages/hrx/src/migrations/021_hrx_payroll_runtime.sql	59e0b04a623e194d85b604d4d0ce462c610117180a630dcc41a768ac0a16cee1	Forest 021/023/024 already owns the richer canonical payroll profile; the root profile schema would create a second model.
012_hrx_payroll_profiles.sql|PRIMARY_KEY|hrx_payroll_profiles|tenant_id,payroll_profile_id	012_hrx_payroll_profiles.sql	PRIMARY_KEY	hrx_payroll_profiles	tenant_id,payroll_profile_id	PRIMARY_KEY:hrx_payroll_profiles:tenant_id,payroll_profile_id	FOREST_SUPERSEDED	-	packages/hrx/src/migrations/021_hrx_payroll_runtime.sql	9c7fbedb1f1e353b13bc884cd6aa512b25edd2bd7592918294b109b3caea4815	Forest 021/023/024 already owns the richer canonical payroll profile; the root profile schema would create a second model.
012_hrx_payroll_profiles.sql|UNIQUE|hrx_payroll_profiles|tenant_id,employee_id,version	012_hrx_payroll_profiles.sql	UNIQUE	hrx_payroll_profiles	tenant_id,employee_id,version	UNIQUE:hrx_payroll_profiles:tenant_id,employee_id,version	FOREST_SUPERSEDED	-	packages/hrx/src/migrations/021_hrx_payroll_runtime.sql	9c3c820e33a486b7be1031bc595408d7f7239add62b9fdbed4ac6c104d701c6f	Forest 021/023/024 already owns the richer canonical payroll profile; the root profile schema would create a second model.
012_hrx_payroll_profiles.sql|FOREIGN_KEY|hrx_payroll_profiles|tenant_id,employee_id	012_hrx_payroll_profiles.sql	FOREIGN_KEY	hrx_payroll_profiles	tenant_id,employee_id	FOREIGN_KEY:hrx_payroll_profiles:tenant_id,employee_id	FOREST_SUPERSEDED	-	packages/hrx/src/migrations/021_hrx_payroll_runtime.sql	b748a6227c5a0ef5b624e5bb291acefaa948043fccc2291cba1d8f4792bdc922	Forest 021/023/024 already owns the richer canonical payroll profile; the root profile schema would create a second model.
012_hrx_payroll_profiles.sql|CONSTRAINT|hrx_payroll_profiles|hrx_payroll_profiles_version_check	012_hrx_payroll_profiles.sql	CONSTRAINT	hrx_payroll_profiles	hrx_payroll_profiles_version_check	CONSTRAINT:hrx_payroll_profiles:hrx_payroll_profiles_version_check	FOREST_SUPERSEDED	-	packages/hrx/src/migrations/021_hrx_payroll_runtime.sql	0cadcfb8932d27bcd615ae3fdca516fbe7c1cd1e4780351737def6da65c2b313	Forest 021/023/024 already owns the richer canonical payroll profile; the root profile schema would create a second model.
012_hrx_payroll_profiles.sql|CONSTRAINT|hrx_payroll_profiles|hrx_payroll_profiles_frequency_check	012_hrx_payroll_profiles.sql	CONSTRAINT	hrx_payroll_profiles	hrx_payroll_profiles_frequency_check	CONSTRAINT:hrx_payroll_profiles:hrx_payroll_profiles_frequency_check	FOREST_SUPERSEDED	-	packages/hrx/src/migrations/021_hrx_payroll_runtime.sql	18c7080bb7cd09ddfd92dac7de7dd608d1a653bd596c44c0ad2929d5af1e8b1c	Forest 021/023/024 already owns the richer canonical payroll profile; the root profile schema would create a second model.
012_hrx_payroll_profiles.sql|CONSTRAINT|hrx_payroll_profiles|hrx_payroll_profiles_status_check	012_hrx_payroll_profiles.sql	CONSTRAINT	hrx_payroll_profiles	hrx_payroll_profiles_status_check	CONSTRAINT:hrx_payroll_profiles:hrx_payroll_profiles_status_check	FOREST_SUPERSEDED	-	packages/hrx/src/migrations/021_hrx_payroll_runtime.sql	dd49cac927034709c82eb19c46c50fe8541f31e8e3941496662ecd74ff90b279	Forest 021/023/024 already owns the richer canonical payroll profile; the root profile schema would create a second model.
012_hrx_payroll_profiles.sql|CONSTRAINT|hrx_payroll_profiles|hrx_payroll_profiles_dates_check	012_hrx_payroll_profiles.sql	CONSTRAINT	hrx_payroll_profiles	hrx_payroll_profiles_dates_check	CONSTRAINT:hrx_payroll_profiles:hrx_payroll_profiles_dates_check	FOREST_SUPERSEDED	-	packages/hrx/src/migrations/021_hrx_payroll_runtime.sql	fdeaea4388c3f784474085c9d3c3ede9b24f36676b571ed06471bb15247eed88	Forest 021/023/024 already owns the richer canonical payroll profile; the root profile schema would create a second model.
012_hrx_payroll_profiles.sql|TABLE|hrx_payroll_item_assignments|hrx_payroll_item_assignments	012_hrx_payroll_profiles.sql	TABLE	hrx_payroll_item_assignments	hrx_payroll_item_assignments	TABLE:hrx_payroll_item_assignments:hrx_payroll_item_assignments	PORT_026_PLUS	026_hrx_payroll_catalog_assignments.sql	packages/hrx/src/migrations/021_hrx_payroll_runtime.sql	654050bc51440b21851ba795728f12f0203367b9e3c36ad684c97ebce3b5e7cf	Item assignment is missing and can reference the existing Forest payroll profile without replacing it.
012_hrx_payroll_profiles.sql|COLUMN|hrx_payroll_item_assignments|tenant_id	012_hrx_payroll_profiles.sql	COLUMN	hrx_payroll_item_assignments	tenant_id	COLUMN:hrx_payroll_item_assignments:tenant_id	PORT_026_PLUS	026_hrx_payroll_catalog_assignments.sql	packages/hrx/src/migrations/021_hrx_payroll_runtime.sql	313d3a6c5a8d3b04d7b41711e84cf6b41eb94a0d1731b1ef275a95a4675cc2bd	Item assignment is missing and can reference the existing Forest payroll profile without replacing it.
012_hrx_payroll_profiles.sql|COLUMN|hrx_payroll_item_assignments|assignment_id	012_hrx_payroll_profiles.sql	COLUMN	hrx_payroll_item_assignments	assignment_id	COLUMN:hrx_payroll_item_assignments:assignment_id	PORT_026_PLUS	026_hrx_payroll_catalog_assignments.sql	packages/hrx/src/migrations/021_hrx_payroll_runtime.sql	50de33e084bd810791cb658aa0837d1add0cf3a3460a757d5cff0daccf6b1089	Item assignment is missing and can reference the existing Forest payroll profile without replacing it.
012_hrx_payroll_profiles.sql|COLUMN|hrx_payroll_item_assignments|payroll_profile_id	012_hrx_payroll_profiles.sql	COLUMN	hrx_payroll_item_assignments	payroll_profile_id	COLUMN:hrx_payroll_item_assignments:payroll_profile_id	PORT_026_PLUS	026_hrx_payroll_catalog_assignments.sql	packages/hrx/src/migrations/021_hrx_payroll_runtime.sql	c139276cc4b07fbfeb6af531bd8ffebdf850f66dd451a889a1aef95bf0397b21	Item assignment is missing and can reference the existing Forest payroll profile without replacing it.
012_hrx_payroll_profiles.sql|COLUMN|hrx_payroll_item_assignments|employee_id	012_hrx_payroll_profiles.sql	COLUMN	hrx_payroll_item_assignments	employee_id	COLUMN:hrx_payroll_item_assignments:employee_id	PORT_026_PLUS	026_hrx_payroll_catalog_assignments.sql	packages/hrx/src/migrations/021_hrx_payroll_runtime.sql	32d5d1dc788266b55d68486672f39145ae04b4df3c34eb04960710ec3e75eaed	Item assignment is missing and can reference the existing Forest payroll profile without replacing it.
012_hrx_payroll_profiles.sql|COLUMN|hrx_payroll_item_assignments|item_id	012_hrx_payroll_profiles.sql	COLUMN	hrx_payroll_item_assignments	item_id	COLUMN:hrx_payroll_item_assignments:item_id	PORT_026_PLUS	026_hrx_payroll_catalog_assignments.sql	packages/hrx/src/migrations/021_hrx_payroll_runtime.sql	9a88f0f471df1a27be767b20a00f639625c5eb27cd8c549f34e45821d7f3bfb7	Item assignment is missing and can reference the existing Forest payroll profile without replacing it.
012_hrx_payroll_profiles.sql|COLUMN|hrx_payroll_item_assignments|version	012_hrx_payroll_profiles.sql	COLUMN	hrx_payroll_item_assignments	version	COLUMN:hrx_payroll_item_assignments:version	PORT_026_PLUS	026_hrx_payroll_catalog_assignments.sql	packages/hrx/src/migrations/021_hrx_payroll_runtime.sql	fa60f7027a26b19273eec01a129887a9c072d680a88a7d02549f907273f02734	Item assignment is missing and can reference the existing Forest payroll profile without replacing it.
012_hrx_payroll_profiles.sql|COLUMN|hrx_payroll_item_assignments|encrypted_amount_ref	012_hrx_payroll_profiles.sql	COLUMN	hrx_payroll_item_assignments	encrypted_amount_ref	COLUMN:hrx_payroll_item_assignments:encrypted_amount_ref	PORT_026_PLUS	026_hrx_payroll_catalog_assignments.sql	packages/hrx/src/migrations/021_hrx_payroll_runtime.sql	3797a21a54093d5b34503eacf1d0bf0df7da571d3d1616b5674e1734acf8937c	Item assignment is missing and can reference the existing Forest payroll profile without replacing it.
012_hrx_payroll_profiles.sql|COLUMN|hrx_payroll_item_assignments|currency_ref	012_hrx_payroll_profiles.sql	COLUMN	hrx_payroll_item_assignments	currency_ref	COLUMN:hrx_payroll_item_assignments:currency_ref	PORT_026_PLUS	026_hrx_payroll_catalog_assignments.sql	packages/hrx/src/migrations/021_hrx_payroll_runtime.sql	84885b08b1e1f69fd6b936ee92e979d7acf25091e5f2e0b365ed96e0317f6108	Item assignment is missing and can reference the existing Forest payroll profile without replacing it.
012_hrx_payroll_profiles.sql|COLUMN|hrx_payroll_item_assignments|effective_from	012_hrx_payroll_profiles.sql	COLUMN	hrx_payroll_item_assignments	effective_from	COLUMN:hrx_payroll_item_assignments:effective_from	PORT_026_PLUS	026_hrx_payroll_catalog_assignments.sql	packages/hrx/src/migrations/021_hrx_payroll_runtime.sql	bb565452ca6166ebb089d4c940907464b4240b42b30981f6c13a128aab8d3430	Item assignment is missing and can reference the existing Forest payroll profile without replacing it.
012_hrx_payroll_profiles.sql|COLUMN|hrx_payroll_item_assignments|effective_to	012_hrx_payroll_profiles.sql	COLUMN	hrx_payroll_item_assignments	effective_to	COLUMN:hrx_payroll_item_assignments:effective_to	PORT_026_PLUS	026_hrx_payroll_catalog_assignments.sql	packages/hrx/src/migrations/021_hrx_payroll_runtime.sql	4cc757708c479ba62f148219f484b5b0fc477b118cd6f01cd9a57baccd0b614a	Item assignment is missing and can reference the existing Forest payroll profile without replacing it.
012_hrx_payroll_profiles.sql|COLUMN|hrx_payroll_item_assignments|status	012_hrx_payroll_profiles.sql	COLUMN	hrx_payroll_item_assignments	status	COLUMN:hrx_payroll_item_assignments:status	PORT_026_PLUS	026_hrx_payroll_catalog_assignments.sql	packages/hrx/src/migrations/021_hrx_payroll_runtime.sql	19191c90e234ddeb00cfd9df5eabe881b39b370d8a5ea5bc054b9899b888599d	Item assignment is missing and can reference the existing Forest payroll profile without replacing it.
012_hrx_payroll_profiles.sql|COLUMN|hrx_payroll_item_assignments|source_ref	012_hrx_payroll_profiles.sql	COLUMN	hrx_payroll_item_assignments	source_ref	COLUMN:hrx_payroll_item_assignments:source_ref	PORT_026_PLUS	026_hrx_payroll_catalog_assignments.sql	packages/hrx/src/migrations/021_hrx_payroll_runtime.sql	389645c98053651e505a8bf6396a8434bca0f514cb2bd9e1382a4edcd43fa85e	Item assignment is missing and can reference the existing Forest payroll profile without replacing it.
012_hrx_payroll_profiles.sql|COLUMN|hrx_payroll_item_assignments|raw_amount_included	012_hrx_payroll_profiles.sql	COLUMN	hrx_payroll_item_assignments	raw_amount_included	COLUMN:hrx_payroll_item_assignments:raw_amount_included	PORT_026_PLUS	026_hrx_payroll_catalog_assignments.sql	packages/hrx/src/migrations/021_hrx_payroll_runtime.sql	503ce202affccf38d0f9165c41c9b4b352d3b43487cf0a82cce20ace6fb3455f	Item assignment is missing and can reference the existing Forest payroll profile without replacing it.
012_hrx_payroll_profiles.sql|COLUMN|hrx_payroll_item_assignments|created_at	012_hrx_payroll_profiles.sql	COLUMN	hrx_payroll_item_assignments	created_at	COLUMN:hrx_payroll_item_assignments:created_at	PORT_026_PLUS	026_hrx_payroll_catalog_assignments.sql	packages/hrx/src/migrations/021_hrx_payroll_runtime.sql	59e0b04a623e194d85b604d4d0ce462c610117180a630dcc41a768ac0a16cee1	Item assignment is missing and can reference the existing Forest payroll profile without replacing it.
012_hrx_payroll_profiles.sql|PRIMARY_KEY|hrx_payroll_item_assignments|tenant_id,assignment_id	012_hrx_payroll_profiles.sql	PRIMARY_KEY	hrx_payroll_item_assignments	tenant_id,assignment_id	PRIMARY_KEY:hrx_payroll_item_assignments:tenant_id,assignment_id	PORT_026_PLUS	026_hrx_payroll_catalog_assignments.sql	packages/hrx/src/migrations/021_hrx_payroll_runtime.sql	aa518a35476715ce6e88ceba52efa825e4a31bab42ca04f7cec92987c1150c7a	Item assignment is missing and can reference the existing Forest payroll profile without replacing it.
012_hrx_payroll_profiles.sql|UNIQUE|hrx_payroll_item_assignments|tenant_id,employee_id,item_id,version	012_hrx_payroll_profiles.sql	UNIQUE	hrx_payroll_item_assignments	tenant_id,employee_id,item_id,version	UNIQUE:hrx_payroll_item_assignments:tenant_id,employee_id,item_id,version	PORT_026_PLUS	026_hrx_payroll_catalog_assignments.sql	packages/hrx/src/migrations/021_hrx_payroll_runtime.sql	d08189a642d46bbab793f44cd6686684e7fd5395c7366fdd1042cde43a51651a	Item assignment is missing and can reference the existing Forest payroll profile without replacing it.
012_hrx_payroll_profiles.sql|FOREIGN_KEY|hrx_payroll_item_assignments|tenant_id,employee_id	012_hrx_payroll_profiles.sql	FOREIGN_KEY	hrx_payroll_item_assignments	tenant_id,employee_id	FOREIGN_KEY:hrx_payroll_item_assignments:tenant_id,employee_id	PORT_026_PLUS	026_hrx_payroll_catalog_assignments.sql	packages/hrx/src/migrations/021_hrx_payroll_runtime.sql	b748a6227c5a0ef5b624e5bb291acefaa948043fccc2291cba1d8f4792bdc922	Item assignment is missing and can reference the existing Forest payroll profile without replacing it.
012_hrx_payroll_profiles.sql|FOREIGN_KEY|hrx_payroll_item_assignments|tenant_id,payroll_profile_id	012_hrx_payroll_profiles.sql	FOREIGN_KEY	hrx_payroll_item_assignments	tenant_id,payroll_profile_id	FOREIGN_KEY:hrx_payroll_item_assignments:tenant_id,payroll_profile_id	PORT_026_PLUS	026_hrx_payroll_catalog_assignments.sql	packages/hrx/src/migrations/021_hrx_payroll_runtime.sql	2d08647963563a7562bb28fa46fd25c8817fb634d686ec79fddc2a0698141513	Item assignment is missing and can reference the existing Forest payroll profile without replacing it.
012_hrx_payroll_profiles.sql|FOREIGN_KEY|hrx_payroll_item_assignments|tenant_id,item_id	012_hrx_payroll_profiles.sql	FOREIGN_KEY	hrx_payroll_item_assignments	tenant_id,item_id	FOREIGN_KEY:hrx_payroll_item_assignments:tenant_id,item_id	PORT_026_PLUS	026_hrx_payroll_catalog_assignments.sql	packages/hrx/src/migrations/021_hrx_payroll_runtime.sql	e327da3bee5fa2177edb22aa1bbf1687df7c0c2222f363fe6096bc1b38f5e6d7	Item assignment is missing and can reference the existing Forest payroll profile without replacing it.
012_hrx_payroll_profiles.sql|CONSTRAINT|hrx_payroll_item_assignments|hrx_payroll_item_assignments_version_check	012_hrx_payroll_profiles.sql	CONSTRAINT	hrx_payroll_item_assignments	hrx_payroll_item_assignments_version_check	CONSTRAINT:hrx_payroll_item_assignments:hrx_payroll_item_assignments_version_check	PORT_026_PLUS	026_hrx_payroll_catalog_assignments.sql	packages/hrx/src/migrations/021_hrx_payroll_runtime.sql	59341b363d5a9983c645619c7617181421856d3c9bc21381d9ee0db480e05110	Item assignment is missing and can reference the existing Forest payroll profile without replacing it.
012_hrx_payroll_profiles.sql|CONSTRAINT|hrx_payroll_item_assignments|hrx_payroll_item_assignments_status_check	012_hrx_payroll_profiles.sql	CONSTRAINT	hrx_payroll_item_assignments	hrx_payroll_item_assignments_status_check	CONSTRAINT:hrx_payroll_item_assignments:hrx_payroll_item_assignments_status_check	PORT_026_PLUS	026_hrx_payroll_catalog_assignments.sql	packages/hrx/src/migrations/021_hrx_payroll_runtime.sql	ccec5cca50fa1945a32245648d519f4566a8fbcfb88cceb8467c895b80bf6eec	Item assignment is missing and can reference the existing Forest payroll profile without replacing it.
012_hrx_payroll_profiles.sql|CONSTRAINT|hrx_payroll_item_assignments|hrx_payroll_item_assignments_dates_check	012_hrx_payroll_profiles.sql	CONSTRAINT	hrx_payroll_item_assignments	hrx_payroll_item_assignments_dates_check	CONSTRAINT:hrx_payroll_item_assignments:hrx_payroll_item_assignments_dates_check	PORT_026_PLUS	026_hrx_payroll_catalog_assignments.sql	packages/hrx/src/migrations/021_hrx_payroll_runtime.sql	752a274a62574b78300ed48fbf1a3f183c1c2cd1c933eb6477a2f79b611dae4b	Item assignment is missing and can reference the existing Forest payroll profile without replacing it.
012_hrx_payroll_profiles.sql|CONSTRAINT|hrx_payroll_item_assignments|hrx_payroll_item_assignments_raw_amount_blocked_check	012_hrx_payroll_profiles.sql	CONSTRAINT	hrx_payroll_item_assignments	hrx_payroll_item_assignments_raw_amount_blocked_check	CONSTRAINT:hrx_payroll_item_assignments:hrx_payroll_item_assignments_raw_amount_blocked_check	PORT_026_PLUS	026_hrx_payroll_catalog_assignments.sql	packages/hrx/src/migrations/021_hrx_payroll_runtime.sql	3fdc9d51b85428769a89fa1b7c30b1f7316d1eea71c9292ca71d8dff79ef54e5	Item assignment is missing and can reference the existing Forest payroll profile without replacing it.
012_hrx_payroll_profiles.sql|INDEX|hrx_payroll_profiles|idx_hrx_payroll_profiles_employee	012_hrx_payroll_profiles.sql	INDEX	hrx_payroll_profiles	idx_hrx_payroll_profiles_employee	INDEX:hrx_payroll_profiles:idx_hrx_payroll_profiles_employee	FOREST_IDENTICAL	-	packages/hrx/src/migrations/021_hrx_payroll_runtime.sql	3f59a93c27ef0a3558e2c183bb3d3f7985fc9443fc57c5c584f0607985c1bdc8	Forest 021 already defines the same index name, table, and column order.
012_hrx_payroll_profiles.sql|INDEX|hrx_payroll_item_assignments|idx_hrx_payroll_item_assignments_employee_item	012_hrx_payroll_profiles.sql	INDEX	hrx_payroll_item_assignments	idx_hrx_payroll_item_assignments_employee_item	INDEX:hrx_payroll_item_assignments:idx_hrx_payroll_item_assignments_employee_item	PORT_026_PLUS	026_hrx_payroll_catalog_assignments.sql	packages/hrx/src/migrations/021_hrx_payroll_runtime.sql	f667b4877575b1a383f25389c41c5f372009081c82463142be9487d40de1e756	Item assignment is missing and can reference the existing Forest payroll profile without replacing it.
012_hrx_payroll_profiles.sql|TRIGGER|hrx_payroll_profiles|trg_hrx_payroll_profiles_immutable_update	012_hrx_payroll_profiles.sql	TRIGGER	hrx_payroll_profiles	trg_hrx_payroll_profiles_immutable_update	TRIGGER:hrx_payroll_profiles:trg_hrx_payroll_profiles_immutable_update	REJECT_CONFLICTING_MUTABILITY	-	packages/hrx/src/payroll/repository.js	559f34ae313514f7cefc2b38dd34546e3b445479078a086b5522adf73811d9ec	Forest payroll profiles use optimistic state_version updates; an append-only trigger would break the accepted runtime.
012_hrx_payroll_profiles.sql|TRIGGER|hrx_payroll_profiles|trg_hrx_payroll_profiles_immutable_delete	012_hrx_payroll_profiles.sql	TRIGGER	hrx_payroll_profiles	trg_hrx_payroll_profiles_immutable_delete	TRIGGER:hrx_payroll_profiles:trg_hrx_payroll_profiles_immutable_delete	REJECT_CONFLICTING_MUTABILITY	-	packages/hrx/src/payroll/repository.js	0385ca8210a57dbbdd45bd1e54ef7896f9a2c0c164faf7c5ac3ee50d2f3718bc	Forest payroll profiles use optimistic state_version updates; an append-only trigger would break the accepted runtime.
012_hrx_payroll_profiles.sql|TRIGGER|hrx_payroll_item_assignments|trg_hrx_payroll_item_assignments_immutable_update	012_hrx_payroll_profiles.sql	TRIGGER	hrx_payroll_item_assignments	trg_hrx_payroll_item_assignments_immutable_update	TRIGGER:hrx_payroll_item_assignments:trg_hrx_payroll_item_assignments_immutable_update	PORT_026_PLUS	026_hrx_payroll_catalog_assignments.sql	packages/hrx/src/migrations/021_hrx_payroll_runtime.sql	ae54ed91281f4017fcd841c4d3813f4da2b2bebc2f096e511c0c776259186530	Item assignment is missing and can reference the existing Forest payroll profile without replacing it.
012_hrx_payroll_profiles.sql|TRIGGER|hrx_payroll_item_assignments|trg_hrx_payroll_item_assignments_immutable_delete	012_hrx_payroll_profiles.sql	TRIGGER	hrx_payroll_item_assignments	trg_hrx_payroll_item_assignments_immutable_delete	TRIGGER:hrx_payroll_item_assignments:trg_hrx_payroll_item_assignments_immutable_delete	PORT_026_PLUS	026_hrx_payroll_catalog_assignments.sql	packages/hrx/src/migrations/021_hrx_payroll_runtime.sql	82aa60504ab95f7a2dd527e54138a9a6dcfe351eb36a572a9585dbfb00991c53	Item assignment is missing and can reference the existing Forest payroll profile without replacing it.
013_hrx_payroll_time_inputs.sql|TABLE|hrx_attendance_approval_receipts|hrx_attendance_approval_receipts	013_hrx_payroll_time_inputs.sql	TABLE	hrx_attendance_approval_receipts	hrx_attendance_approval_receipts	TABLE:hrx_attendance_approval_receipts:hrx_attendance_approval_receipts	PORT_026_PLUS	027_hrx_attendance_approval_receipts.sql	packages/hrx/src/migrations/004_hrx_attendance.sql	9475a6f4e155302a0592d15b9e8124bd67b3fe0dc46b44e84e2ba98e4f123d64	An append-only approval receipt adds payroll lineage without complicating the clock-in/clock-out UI.
013_hrx_payroll_time_inputs.sql|COLUMN|hrx_attendance_approval_receipts|tenant_id	013_hrx_payroll_time_inputs.sql	COLUMN	hrx_attendance_approval_receipts	tenant_id	COLUMN:hrx_attendance_approval_receipts:tenant_id	PORT_026_PLUS	027_hrx_attendance_approval_receipts.sql	packages/hrx/src/migrations/004_hrx_attendance.sql	313d3a6c5a8d3b04d7b41711e84cf6b41eb94a0d1731b1ef275a95a4675cc2bd	An append-only approval receipt adds payroll lineage without complicating the clock-in/clock-out UI.
013_hrx_payroll_time_inputs.sql|COLUMN|hrx_attendance_approval_receipts|approval_receipt_id	013_hrx_payroll_time_inputs.sql	COLUMN	hrx_attendance_approval_receipts	approval_receipt_id	COLUMN:hrx_attendance_approval_receipts:approval_receipt_id	PORT_026_PLUS	027_hrx_attendance_approval_receipts.sql	packages/hrx/src/migrations/004_hrx_attendance.sql	1d3b478507ae2f3b8ce68d356673272ea3315de4bfcaa3d0639ba440fb496e03	An append-only approval receipt adds payroll lineage without complicating the clock-in/clock-out UI.
013_hrx_payroll_time_inputs.sql|COLUMN|hrx_attendance_approval_receipts|attendance_id	013_hrx_payroll_time_inputs.sql	COLUMN	hrx_attendance_approval_receipts	attendance_id	COLUMN:hrx_attendance_approval_receipts:attendance_id	PORT_026_PLUS	027_hrx_attendance_approval_receipts.sql	packages/hrx/src/migrations/004_hrx_attendance.sql	b67a396524ab7885195a47e676fabb5a11d305b8e76a0d192cb318ecba67070c	An append-only approval receipt adds payroll lineage without complicating the clock-in/clock-out UI.
013_hrx_payroll_time_inputs.sql|COLUMN|hrx_attendance_approval_receipts|employee_id	013_hrx_payroll_time_inputs.sql	COLUMN	hrx_attendance_approval_receipts	employee_id	COLUMN:hrx_attendance_approval_receipts:employee_id	PORT_026_PLUS	027_hrx_attendance_approval_receipts.sql	packages/hrx/src/migrations/004_hrx_attendance.sql	32d5d1dc788266b55d68486672f39145ae04b4df3c34eb04960710ec3e75eaed	An append-only approval receipt adds payroll lineage without complicating the clock-in/clock-out UI.
013_hrx_payroll_time_inputs.sql|COLUMN|hrx_attendance_approval_receipts|approved_by_actor_id	013_hrx_payroll_time_inputs.sql	COLUMN	hrx_attendance_approval_receipts	approved_by_actor_id	COLUMN:hrx_attendance_approval_receipts:approved_by_actor_id	PORT_026_PLUS	027_hrx_attendance_approval_receipts.sql	packages/hrx/src/migrations/004_hrx_attendance.sql	b9a2b974fae305635321752cc56bdfc9b80375878058ffe49577d18e337523b4	An append-only approval receipt adds payroll lineage without complicating the clock-in/clock-out UI.
013_hrx_payroll_time_inputs.sql|COLUMN|hrx_attendance_approval_receipts|approved_at	013_hrx_payroll_time_inputs.sql	COLUMN	hrx_attendance_approval_receipts	approved_at	COLUMN:hrx_attendance_approval_receipts:approved_at	PORT_026_PLUS	027_hrx_attendance_approval_receipts.sql	packages/hrx/src/migrations/004_hrx_attendance.sql	56c51464604be8ff525019522271877ce671d9cb1924ad391d4d4d64985f5a87	An append-only approval receipt adds payroll lineage without complicating the clock-in/clock-out UI.
013_hrx_payroll_time_inputs.sql|COLUMN|hrx_attendance_approval_receipts|attendance_source_ref	013_hrx_payroll_time_inputs.sql	COLUMN	hrx_attendance_approval_receipts	attendance_source_ref	COLUMN:hrx_attendance_approval_receipts:attendance_source_ref	PORT_026_PLUS	027_hrx_attendance_approval_receipts.sql	packages/hrx/src/migrations/004_hrx_attendance.sql	6fb0a99ff0e9de42edcce2cf17047513766d3c743aef11de508d24f16065c407	An append-only approval receipt adds payroll lineage without complicating the clock-in/clock-out UI.
013_hrx_payroll_time_inputs.sql|COLUMN|hrx_attendance_approval_receipts|idempotency_key	013_hrx_payroll_time_inputs.sql	COLUMN	hrx_attendance_approval_receipts	idempotency_key	COLUMN:hrx_attendance_approval_receipts:idempotency_key	PORT_026_PLUS	027_hrx_attendance_approval_receipts.sql	packages/hrx/src/migrations/004_hrx_attendance.sql	f209fa05cdd5c7731df60c8151da3c93705c94972fcd1aa217380b4bc911fc6a	An append-only approval receipt adds payroll lineage without complicating the clock-in/clock-out UI.
013_hrx_payroll_time_inputs.sql|COLUMN|hrx_attendance_approval_receipts|created_at	013_hrx_payroll_time_inputs.sql	COLUMN	hrx_attendance_approval_receipts	created_at	COLUMN:hrx_attendance_approval_receipts:created_at	PORT_026_PLUS	027_hrx_attendance_approval_receipts.sql	packages/hrx/src/migrations/004_hrx_attendance.sql	59e0b04a623e194d85b604d4d0ce462c610117180a630dcc41a768ac0a16cee1	An append-only approval receipt adds payroll lineage without complicating the clock-in/clock-out UI.
013_hrx_payroll_time_inputs.sql|PRIMARY_KEY|hrx_attendance_approval_receipts|tenant_id,approval_receipt_id	013_hrx_payroll_time_inputs.sql	PRIMARY_KEY	hrx_attendance_approval_receipts	tenant_id,approval_receipt_id	PRIMARY_KEY:hrx_attendance_approval_receipts:tenant_id,approval_receipt_id	PORT_026_PLUS	027_hrx_attendance_approval_receipts.sql	packages/hrx/src/migrations/004_hrx_attendance.sql	c3f6367d19fd32b943030ec183529c0b460a29a88564671d88cbfd4ef32f8d49	An append-only approval receipt adds payroll lineage without complicating the clock-in/clock-out UI.
013_hrx_payroll_time_inputs.sql|UNIQUE|hrx_attendance_approval_receipts|tenant_id,attendance_id	013_hrx_payroll_time_inputs.sql	UNIQUE	hrx_attendance_approval_receipts	tenant_id,attendance_id	UNIQUE:hrx_attendance_approval_receipts:tenant_id,attendance_id	PORT_026_PLUS	027_hrx_attendance_approval_receipts.sql	packages/hrx/src/migrations/004_hrx_attendance.sql	00acfb6a6a9d9bc2f7fbfc568597bd03a68cbf7f5d262952f9655bbb3730cb3c	An append-only approval receipt adds payroll lineage without complicating the clock-in/clock-out UI.
013_hrx_payroll_time_inputs.sql|UNIQUE|hrx_attendance_approval_receipts|tenant_id,idempotency_key	013_hrx_payroll_time_inputs.sql	UNIQUE	hrx_attendance_approval_receipts	tenant_id,idempotency_key	UNIQUE:hrx_attendance_approval_receipts:tenant_id,idempotency_key	PORT_026_PLUS	027_hrx_attendance_approval_receipts.sql	packages/hrx/src/migrations/004_hrx_attendance.sql	393964d6c306d91b582a88ead31ee48c0e1aeb555d1a897f84c11ce71c794ad5	An append-only approval receipt adds payroll lineage without complicating the clock-in/clock-out UI.
013_hrx_payroll_time_inputs.sql|FOREIGN_KEY|hrx_attendance_approval_receipts|tenant_id,attendance_id	013_hrx_payroll_time_inputs.sql	FOREIGN_KEY	hrx_attendance_approval_receipts	tenant_id,attendance_id	FOREIGN_KEY:hrx_attendance_approval_receipts:tenant_id,attendance_id	PORT_026_PLUS	027_hrx_attendance_approval_receipts.sql	packages/hrx/src/migrations/004_hrx_attendance.sql	818df2788fd99648aca8b12e04cea7d8049cc146346fb17b82e17ca78d0e5a38	An append-only approval receipt adds payroll lineage without complicating the clock-in/clock-out UI.
013_hrx_payroll_time_inputs.sql|FOREIGN_KEY|hrx_attendance_approval_receipts|tenant_id,employee_id	013_hrx_payroll_time_inputs.sql	FOREIGN_KEY	hrx_attendance_approval_receipts	tenant_id,employee_id	FOREIGN_KEY:hrx_attendance_approval_receipts:tenant_id,employee_id	PORT_026_PLUS	027_hrx_attendance_approval_receipts.sql	packages/hrx/src/migrations/004_hrx_attendance.sql	b748a6227c5a0ef5b624e5bb291acefaa948043fccc2291cba1d8f4792bdc922	An append-only approval receipt adds payroll lineage without complicating the clock-in/clock-out UI.
013_hrx_payroll_time_inputs.sql|TABLE|hrx_payroll_time_snapshots|hrx_payroll_time_snapshots	013_hrx_payroll_time_inputs.sql	TABLE	hrx_payroll_time_snapshots	hrx_payroll_time_snapshots	TABLE:hrx_payroll_time_snapshots:hrx_payroll_time_snapshots	FOREST_SUPERSEDED	-	packages/hrx/src/migrations/021_hrx_payroll_runtime.sql	766d26d9c4dd83b64bce6892e8b66cdf277d43fd8838772ed81f0183f9f474c0	Forest input snapshots already persist input_json and tokenized source_refs_json; a second time snapshot hierarchy is rejected.
013_hrx_payroll_time_inputs.sql|COLUMN|hrx_payroll_time_snapshots|tenant_id	013_hrx_payroll_time_inputs.sql	COLUMN	hrx_payroll_time_snapshots	tenant_id	COLUMN:hrx_payroll_time_snapshots:tenant_id	FOREST_SUPERSEDED	-	packages/hrx/src/migrations/021_hrx_payroll_runtime.sql	313d3a6c5a8d3b04d7b41711e84cf6b41eb94a0d1731b1ef275a95a4675cc2bd	Forest input snapshots already persist input_json and tokenized source_refs_json; a second time snapshot hierarchy is rejected.
013_hrx_payroll_time_inputs.sql|COLUMN|hrx_payroll_time_snapshots|snapshot_id	013_hrx_payroll_time_inputs.sql	COLUMN	hrx_payroll_time_snapshots	snapshot_id	COLUMN:hrx_payroll_time_snapshots:snapshot_id	FOREST_SUPERSEDED	-	packages/hrx/src/migrations/021_hrx_payroll_runtime.sql	c2abb33fcb0d8c92b732f7e157d8e4854b100413a133bb090276fd2a74279452	Forest input snapshots already persist input_json and tokenized source_refs_json; a second time snapshot hierarchy is rejected.
013_hrx_payroll_time_inputs.sql|COLUMN|hrx_payroll_time_snapshots|idempotency_key	013_hrx_payroll_time_inputs.sql	COLUMN	hrx_payroll_time_snapshots	idempotency_key	COLUMN:hrx_payroll_time_snapshots:idempotency_key	FOREST_SUPERSEDED	-	packages/hrx/src/migrations/021_hrx_payroll_runtime.sql	f209fa05cdd5c7731df60c8151da3c93705c94972fcd1aa217380b4bc911fc6a	Forest input snapshots already persist input_json and tokenized source_refs_json; a second time snapshot hierarchy is rejected.
013_hrx_payroll_time_inputs.sql|COLUMN|hrx_payroll_time_snapshots|input_hash	013_hrx_payroll_time_inputs.sql	COLUMN	hrx_payroll_time_snapshots	input_hash	COLUMN:hrx_payroll_time_snapshots:input_hash	FOREST_SUPERSEDED	-	packages/hrx/src/migrations/021_hrx_payroll_runtime.sql	c21e51beee771373dd21a79b9cbcdb5c6523147f0680e6b09674dfb730344ef5	Forest input snapshots already persist input_json and tokenized source_refs_json; a second time snapshot hierarchy is rejected.
013_hrx_payroll_time_inputs.sql|COLUMN|hrx_payroll_time_snapshots|period_start	013_hrx_payroll_time_inputs.sql	COLUMN	hrx_payroll_time_snapshots	period_start	COLUMN:hrx_payroll_time_snapshots:period_start	FOREST_SUPERSEDED	-	packages/hrx/src/migrations/021_hrx_payroll_runtime.sql	10cd9aa0273bc9d928827ee8680d17450718429c80dcf2563654de795c41efc2	Forest input snapshots already persist input_json and tokenized source_refs_json; a second time snapshot hierarchy is rejected.
013_hrx_payroll_time_inputs.sql|COLUMN|hrx_payroll_time_snapshots|period_end	013_hrx_payroll_time_inputs.sql	COLUMN	hrx_payroll_time_snapshots	period_end	COLUMN:hrx_payroll_time_snapshots:period_end	FOREST_SUPERSEDED	-	packages/hrx/src/migrations/021_hrx_payroll_runtime.sql	37e3e4ebc76da8e08eb2f1802517828eff322d6e8fb861ffe6aa48823bfd84cf	Forest input snapshots already persist input_json and tokenized source_refs_json; a second time snapshot hierarchy is rejected.
013_hrx_payroll_time_inputs.sql|COLUMN|hrx_payroll_time_snapshots|as_of	013_hrx_payroll_time_inputs.sql	COLUMN	hrx_payroll_time_snapshots	as_of	COLUMN:hrx_payroll_time_snapshots:as_of	FOREST_SUPERSEDED	-	packages/hrx/src/migrations/021_hrx_payroll_runtime.sql	b5454c630c296bf88c0199547e75ae2887b51ddc38f2e5919f32806ed2fabf61	Forest input snapshots already persist input_json and tokenized source_refs_json; a second time snapshot hierarchy is rejected.
013_hrx_payroll_time_inputs.sql|COLUMN|hrx_payroll_time_snapshots|source_version	013_hrx_payroll_time_inputs.sql	COLUMN	hrx_payroll_time_snapshots	source_version	COLUMN:hrx_payroll_time_snapshots:source_version	FOREST_SUPERSEDED	-	packages/hrx/src/migrations/021_hrx_payroll_runtime.sql	f31556e70192bff0c35ec083d63a06593d29110b2fb639124b7de8ae9cc81563	Forest input snapshots already persist input_json and tokenized source_refs_json; a second time snapshot hierarchy is rejected.
013_hrx_payroll_time_inputs.sql|COLUMN|hrx_payroll_time_snapshots|timezone	013_hrx_payroll_time_inputs.sql	COLUMN	hrx_payroll_time_snapshots	timezone	COLUMN:hrx_payroll_time_snapshots:timezone	FOREST_SUPERSEDED	-	packages/hrx/src/migrations/021_hrx_payroll_runtime.sql	b4ae1193db8a2ee03d5f7a0ce3823a414f4f2605e2639187e61704aa8d91ff0a	Forest input snapshots already persist input_json and tokenized source_refs_json; a second time snapshot hierarchy is rejected.
013_hrx_payroll_time_inputs.sql|COLUMN|hrx_payroll_time_snapshots|projection_json	013_hrx_payroll_time_inputs.sql	COLUMN	hrx_payroll_time_snapshots	projection_json	COLUMN:hrx_payroll_time_snapshots:projection_json	FOREST_SUPERSEDED	-	packages/hrx/src/migrations/021_hrx_payroll_runtime.sql	5d60584817f9bf7c05665d7ffd4e30c3f45ad449fe7250b402721791eac5e214	Forest input snapshots already persist input_json and tokenized source_refs_json; a second time snapshot hierarchy is rejected.
013_hrx_payroll_time_inputs.sql|COLUMN|hrx_payroll_time_snapshots|created_by_actor_id	013_hrx_payroll_time_inputs.sql	COLUMN	hrx_payroll_time_snapshots	created_by_actor_id	COLUMN:hrx_payroll_time_snapshots:created_by_actor_id	FOREST_SUPERSEDED	-	packages/hrx/src/migrations/021_hrx_payroll_runtime.sql	2ce4fff14d93325e00a4519803f946c8d5240cb8b83102d8cc36ac8954ed5317	Forest input snapshots already persist input_json and tokenized source_refs_json; a second time snapshot hierarchy is rejected.
013_hrx_payroll_time_inputs.sql|COLUMN|hrx_payroll_time_snapshots|created_at	013_hrx_payroll_time_inputs.sql	COLUMN	hrx_payroll_time_snapshots	created_at	COLUMN:hrx_payroll_time_snapshots:created_at	FOREST_SUPERSEDED	-	packages/hrx/src/migrations/021_hrx_payroll_runtime.sql	59e0b04a623e194d85b604d4d0ce462c610117180a630dcc41a768ac0a16cee1	Forest input snapshots already persist input_json and tokenized source_refs_json; a second time snapshot hierarchy is rejected.
013_hrx_payroll_time_inputs.sql|COLUMN|hrx_payroll_time_snapshots|payroll_calculation_runtime	013_hrx_payroll_time_inputs.sql	COLUMN	hrx_payroll_time_snapshots	payroll_calculation_runtime	COLUMN:hrx_payroll_time_snapshots:payroll_calculation_runtime	FOREST_SUPERSEDED	-	packages/hrx/src/migrations/021_hrx_payroll_runtime.sql	87ee9b383a51e45f916dde3c4f19766881eb25c3f8adeeb6a876151ff986ecd8	Forest input snapshots already persist input_json and tokenized source_refs_json; a second time snapshot hierarchy is rejected.
013_hrx_payroll_time_inputs.sql|COLUMN|hrx_payroll_time_snapshots|disbursement_instruction_included	013_hrx_payroll_time_inputs.sql	COLUMN	hrx_payroll_time_snapshots	disbursement_instruction_included	COLUMN:hrx_payroll_time_snapshots:disbursement_instruction_included	FOREST_SUPERSEDED	-	packages/hrx/src/migrations/021_hrx_payroll_runtime.sql	aa74b7be4cf86daab59991c9ca56ad0204d4f24a1189fd0dcb0f6a3f2895cb6f	Forest input snapshots already persist input_json and tokenized source_refs_json; a second time snapshot hierarchy is rejected.
013_hrx_payroll_time_inputs.sql|PRIMARY_KEY|hrx_payroll_time_snapshots|tenant_id,snapshot_id	013_hrx_payroll_time_inputs.sql	PRIMARY_KEY	hrx_payroll_time_snapshots	tenant_id,snapshot_id	PRIMARY_KEY:hrx_payroll_time_snapshots:tenant_id,snapshot_id	FOREST_SUPERSEDED	-	packages/hrx/src/migrations/021_hrx_payroll_runtime.sql	a0feeb405f9f749061a15ec2f405108f13ef3c416c61302f1b1b472b43c79cc5	Forest input snapshots already persist input_json and tokenized source_refs_json; a second time snapshot hierarchy is rejected.
013_hrx_payroll_time_inputs.sql|UNIQUE|hrx_payroll_time_snapshots|tenant_id,idempotency_key	013_hrx_payroll_time_inputs.sql	UNIQUE	hrx_payroll_time_snapshots	tenant_id,idempotency_key	UNIQUE:hrx_payroll_time_snapshots:tenant_id,idempotency_key	FOREST_SUPERSEDED	-	packages/hrx/src/migrations/021_hrx_payroll_runtime.sql	393964d6c306d91b582a88ead31ee48c0e1aeb555d1a897f84c11ce71c794ad5	Forest input snapshots already persist input_json and tokenized source_refs_json; a second time snapshot hierarchy is rejected.
013_hrx_payroll_time_inputs.sql|CONSTRAINT|hrx_payroll_time_snapshots|hrx_payroll_time_snapshot_period_check	013_hrx_payroll_time_inputs.sql	CONSTRAINT	hrx_payroll_time_snapshots	hrx_payroll_time_snapshot_period_check	CONSTRAINT:hrx_payroll_time_snapshots:hrx_payroll_time_snapshot_period_check	FOREST_SUPERSEDED	-	packages/hrx/src/migrations/021_hrx_payroll_runtime.sql	53e4e27f7feb0dbad9ea4c62887dd70c9683967537994e047213739d803e6e40	Forest input snapshots already persist input_json and tokenized source_refs_json; a second time snapshot hierarchy is rejected.
013_hrx_payroll_time_inputs.sql|CONSTRAINT|hrx_payroll_time_snapshots|hrx_payroll_time_snapshot_calculation_blocked	013_hrx_payroll_time_inputs.sql	CONSTRAINT	hrx_payroll_time_snapshots	hrx_payroll_time_snapshot_calculation_blocked	CONSTRAINT:hrx_payroll_time_snapshots:hrx_payroll_time_snapshot_calculation_blocked	FOREST_SUPERSEDED	-	packages/hrx/src/migrations/021_hrx_payroll_runtime.sql	03d1d7dcad4489d712b3369740adff32cb9850ba890f129666b246aff5282258	Forest input snapshots already persist input_json and tokenized source_refs_json; a second time snapshot hierarchy is rejected.
013_hrx_payroll_time_inputs.sql|CONSTRAINT|hrx_payroll_time_snapshots|hrx_payroll_time_snapshot_disbursement_blocked	013_hrx_payroll_time_inputs.sql	CONSTRAINT	hrx_payroll_time_snapshots	hrx_payroll_time_snapshot_disbursement_blocked	CONSTRAINT:hrx_payroll_time_snapshots:hrx_payroll_time_snapshot_disbursement_blocked	FOREST_SUPERSEDED	-	packages/hrx/src/migrations/021_hrx_payroll_runtime.sql	98698069c9e53498f9c36a6f1cf389383239eb089fa0b1edb6eca5a9a8c8539e	Forest input snapshots already persist input_json and tokenized source_refs_json; a second time snapshot hierarchy is rejected.
013_hrx_payroll_time_inputs.sql|TABLE|hrx_payroll_time_snapshot_sources|hrx_payroll_time_snapshot_sources	013_hrx_payroll_time_inputs.sql	TABLE	hrx_payroll_time_snapshot_sources	hrx_payroll_time_snapshot_sources	TABLE:hrx_payroll_time_snapshot_sources:hrx_payroll_time_snapshot_sources	FOREST_SUPERSEDED	-	packages/hrx/src/migrations/021_hrx_payroll_runtime.sql	96f0c95347183fc5cd95f9ba1d1e47df8dbf7c408454a2f4e330efefdb2bc935	Forest input snapshots already persist input_json and tokenized source_refs_json; a second time snapshot hierarchy is rejected.
013_hrx_payroll_time_inputs.sql|COLUMN|hrx_payroll_time_snapshot_sources|tenant_id	013_hrx_payroll_time_inputs.sql	COLUMN	hrx_payroll_time_snapshot_sources	tenant_id	COLUMN:hrx_payroll_time_snapshot_sources:tenant_id	FOREST_SUPERSEDED	-	packages/hrx/src/migrations/021_hrx_payroll_runtime.sql	313d3a6c5a8d3b04d7b41711e84cf6b41eb94a0d1731b1ef275a95a4675cc2bd	Forest input snapshots already persist input_json and tokenized source_refs_json; a second time snapshot hierarchy is rejected.
013_hrx_payroll_time_inputs.sql|COLUMN|hrx_payroll_time_snapshot_sources|snapshot_source_id	013_hrx_payroll_time_inputs.sql	COLUMN	hrx_payroll_time_snapshot_sources	snapshot_source_id	COLUMN:hrx_payroll_time_snapshot_sources:snapshot_source_id	FOREST_SUPERSEDED	-	packages/hrx/src/migrations/021_hrx_payroll_runtime.sql	29f2ec25b21bf1f0cbab9e11005e715b056c15bf611287e19f2f88d655bbf848	Forest input snapshots already persist input_json and tokenized source_refs_json; a second time snapshot hierarchy is rejected.
013_hrx_payroll_time_inputs.sql|COLUMN|hrx_payroll_time_snapshot_sources|snapshot_id	013_hrx_payroll_time_inputs.sql	COLUMN	hrx_payroll_time_snapshot_sources	snapshot_id	COLUMN:hrx_payroll_time_snapshot_sources:snapshot_id	FOREST_SUPERSEDED	-	packages/hrx/src/migrations/021_hrx_payroll_runtime.sql	c2abb33fcb0d8c92b732f7e157d8e4854b100413a133bb090276fd2a74279452	Forest input snapshots already persist input_json and tokenized source_refs_json; a second time snapshot hierarchy is rejected.
013_hrx_payroll_time_inputs.sql|COLUMN|hrx_payroll_time_snapshot_sources|employee_id	013_hrx_payroll_time_inputs.sql	COLUMN	hrx_payroll_time_snapshot_sources	employee_id	COLUMN:hrx_payroll_time_snapshot_sources:employee_id	FOREST_SUPERSEDED	-	packages/hrx/src/migrations/021_hrx_payroll_runtime.sql	32d5d1dc788266b55d68486672f39145ae04b4df3c34eb04960710ec3e75eaed	Forest input snapshots already persist input_json and tokenized source_refs_json; a second time snapshot hierarchy is rejected.
013_hrx_payroll_time_inputs.sql|COLUMN|hrx_payroll_time_snapshot_sources|object_type	013_hrx_payroll_time_inputs.sql	COLUMN	hrx_payroll_time_snapshot_sources	object_type	COLUMN:hrx_payroll_time_snapshot_sources:object_type	FOREST_SUPERSEDED	-	packages/hrx/src/migrations/021_hrx_payroll_runtime.sql	22d7f63cd7d4643cd710d592fc788686dfbdeb54f409857d421413ef2196c6f0	Forest input snapshots already persist input_json and tokenized source_refs_json; a second time snapshot hierarchy is rejected.
013_hrx_payroll_time_inputs.sql|COLUMN|hrx_payroll_time_snapshot_sources|object_id	013_hrx_payroll_time_inputs.sql	COLUMN	hrx_payroll_time_snapshot_sources	object_id	COLUMN:hrx_payroll_time_snapshot_sources:object_id	FOREST_SUPERSEDED	-	packages/hrx/src/migrations/021_hrx_payroll_runtime.sql	4ab6835ed0d523dd4d095b380b7ceb05479f097437c13a8ce2950d1ae990de7a	Forest input snapshots already persist input_json and tokenized source_refs_json; a second time snapshot hierarchy is rejected.
013_hrx_payroll_time_inputs.sql|COLUMN|hrx_payroll_time_snapshot_sources|source_ref	013_hrx_payroll_time_inputs.sql	COLUMN	hrx_payroll_time_snapshot_sources	source_ref	COLUMN:hrx_payroll_time_snapshot_sources:source_ref	FOREST_SUPERSEDED	-	packages/hrx/src/migrations/021_hrx_payroll_runtime.sql	389645c98053651e505a8bf6396a8434bca0f514cb2bd9e1382a4edcd43fa85e	Forest input snapshots already persist input_json and tokenized source_refs_json; a second time snapshot hierarchy is rejected.
013_hrx_payroll_time_inputs.sql|COLUMN|hrx_payroll_time_snapshot_sources|source_state	013_hrx_payroll_time_inputs.sql	COLUMN	hrx_payroll_time_snapshot_sources	source_state	COLUMN:hrx_payroll_time_snapshot_sources:source_state	FOREST_SUPERSEDED	-	packages/hrx/src/migrations/021_hrx_payroll_runtime.sql	b9296ae9c9e1f617c9290f673c7e7ab4cc2f07218bccff6c9d047b7539f30dc6	Forest input snapshots already persist input_json and tokenized source_refs_json; a second time snapshot hierarchy is rejected.
013_hrx_payroll_time_inputs.sql|COLUMN|hrx_payroll_time_snapshot_sources|created_at	013_hrx_payroll_time_inputs.sql	COLUMN	hrx_payroll_time_snapshot_sources	created_at	COLUMN:hrx_payroll_time_snapshot_sources:created_at	FOREST_SUPERSEDED	-	packages/hrx/src/migrations/021_hrx_payroll_runtime.sql	59e0b04a623e194d85b604d4d0ce462c610117180a630dcc41a768ac0a16cee1	Forest input snapshots already persist input_json and tokenized source_refs_json; a second time snapshot hierarchy is rejected.
013_hrx_payroll_time_inputs.sql|PRIMARY_KEY|hrx_payroll_time_snapshot_sources|tenant_id,snapshot_source_id	013_hrx_payroll_time_inputs.sql	PRIMARY_KEY	hrx_payroll_time_snapshot_sources	tenant_id,snapshot_source_id	PRIMARY_KEY:hrx_payroll_time_snapshot_sources:tenant_id,snapshot_source_id	FOREST_SUPERSEDED	-	packages/hrx/src/migrations/021_hrx_payroll_runtime.sql	4886bac5e44c29dbbd7bd8b007ae6763f8049fcd53e4bff49075217fa3adf595	Forest input snapshots already persist input_json and tokenized source_refs_json; a second time snapshot hierarchy is rejected.
013_hrx_payroll_time_inputs.sql|UNIQUE|hrx_payroll_time_snapshot_sources|tenant_id,snapshot_id,object_type,object_id	013_hrx_payroll_time_inputs.sql	UNIQUE	hrx_payroll_time_snapshot_sources	tenant_id,snapshot_id,object_type,object_id	UNIQUE:hrx_payroll_time_snapshot_sources:tenant_id,snapshot_id,object_type,object_id	FOREST_SUPERSEDED	-	packages/hrx/src/migrations/021_hrx_payroll_runtime.sql	c983608946f07be7ec814c54de7102b11bbb9aa3ede578317750a90904b991ab	Forest input snapshots already persist input_json and tokenized source_refs_json; a second time snapshot hierarchy is rejected.
013_hrx_payroll_time_inputs.sql|FOREIGN_KEY|hrx_payroll_time_snapshot_sources|tenant_id,snapshot_id	013_hrx_payroll_time_inputs.sql	FOREIGN_KEY	hrx_payroll_time_snapshot_sources	tenant_id,snapshot_id	FOREIGN_KEY:hrx_payroll_time_snapshot_sources:tenant_id,snapshot_id	FOREST_SUPERSEDED	-	packages/hrx/src/migrations/021_hrx_payroll_runtime.sql	f5218fcb4d6de79f5937389d841c851b513a818697f61f31633e7eb941696f94	Forest input snapshots already persist input_json and tokenized source_refs_json; a second time snapshot hierarchy is rejected.
013_hrx_payroll_time_inputs.sql|FOREIGN_KEY|hrx_payroll_time_snapshot_sources|tenant_id,employee_id	013_hrx_payroll_time_inputs.sql	FOREIGN_KEY	hrx_payroll_time_snapshot_sources	tenant_id,employee_id	FOREIGN_KEY:hrx_payroll_time_snapshot_sources:tenant_id,employee_id	FOREST_SUPERSEDED	-	packages/hrx/src/migrations/021_hrx_payroll_runtime.sql	b748a6227c5a0ef5b624e5bb291acefaa948043fccc2291cba1d8f4792bdc922	Forest input snapshots already persist input_json and tokenized source_refs_json; a second time snapshot hierarchy is rejected.
013_hrx_payroll_time_inputs.sql|CONSTRAINT|hrx_payroll_time_snapshot_sources|hrx_payroll_time_snapshot_source_type_check	013_hrx_payroll_time_inputs.sql	CONSTRAINT	hrx_payroll_time_snapshot_sources	hrx_payroll_time_snapshot_source_type_check	CONSTRAINT:hrx_payroll_time_snapshot_sources:hrx_payroll_time_snapshot_source_type_check	FOREST_SUPERSEDED	-	packages/hrx/src/migrations/021_hrx_payroll_runtime.sql	a4aa823d3bd5b4d8a0c64be1eeb401afccd2ff6bde08d5188f06dd3d0f578936	Forest input snapshots already persist input_json and tokenized source_refs_json; a second time snapshot hierarchy is rejected.
013_hrx_payroll_time_inputs.sql|INDEX|hrx_attendance_approval_receipts|idx_hrx_attendance_approval_receipts_attendance	013_hrx_payroll_time_inputs.sql	INDEX	hrx_attendance_approval_receipts	idx_hrx_attendance_approval_receipts_attendance	INDEX:hrx_attendance_approval_receipts:idx_hrx_attendance_approval_receipts_attendance	PORT_026_PLUS	027_hrx_attendance_approval_receipts.sql	packages/hrx/src/migrations/004_hrx_attendance.sql	9b5a40066690676da454e031cea1d188d1ee5ed30f73ca86b9b83e63d992eabe	An append-only approval receipt adds payroll lineage without complicating the clock-in/clock-out UI.
013_hrx_payroll_time_inputs.sql|INDEX|hrx_payroll_time_snapshots|idx_hrx_payroll_time_snapshots_period	013_hrx_payroll_time_inputs.sql	INDEX	hrx_payroll_time_snapshots	idx_hrx_payroll_time_snapshots_period	INDEX:hrx_payroll_time_snapshots:idx_hrx_payroll_time_snapshots_period	FOREST_SUPERSEDED	-	packages/hrx/src/migrations/021_hrx_payroll_runtime.sql	1a9203492732f65ec4631ab0056c348958f124927863887b0404ef552caa828f	Forest input snapshots already persist input_json and tokenized source_refs_json; a second time snapshot hierarchy is rejected.
013_hrx_payroll_time_inputs.sql|TRIGGER|hrx_attendance_approval_receipts|trg_hrx_attendance_approval_receipts_immutable_update	013_hrx_payroll_time_inputs.sql	TRIGGER	hrx_attendance_approval_receipts	trg_hrx_attendance_approval_receipts_immutable_update	TRIGGER:hrx_attendance_approval_receipts:trg_hrx_attendance_approval_receipts_immutable_update	PORT_026_PLUS	027_hrx_attendance_approval_receipts.sql	packages/hrx/src/migrations/004_hrx_attendance.sql	78bb2e8733862849517c08bfbda168d85791db1c2c452e22baa785d3aa3373be	An append-only approval receipt adds payroll lineage without complicating the clock-in/clock-out UI.
013_hrx_payroll_time_inputs.sql|TRIGGER|hrx_attendance_approval_receipts|trg_hrx_attendance_approval_receipts_immutable_delete	013_hrx_payroll_time_inputs.sql	TRIGGER	hrx_attendance_approval_receipts	trg_hrx_attendance_approval_receipts_immutable_delete	TRIGGER:hrx_attendance_approval_receipts:trg_hrx_attendance_approval_receipts_immutable_delete	PORT_026_PLUS	027_hrx_attendance_approval_receipts.sql	packages/hrx/src/migrations/004_hrx_attendance.sql	f9cdba3ffb7eeb71ad02cace847e5f4eb5e3959972d7d558875e13e4943351a1	An append-only approval receipt adds payroll lineage without complicating the clock-in/clock-out UI.
013_hrx_payroll_time_inputs.sql|TRIGGER|hrx_payroll_time_snapshots|trg_hrx_payroll_time_snapshots_immutable_update	013_hrx_payroll_time_inputs.sql	TRIGGER	hrx_payroll_time_snapshots	trg_hrx_payroll_time_snapshots_immutable_update	TRIGGER:hrx_payroll_time_snapshots:trg_hrx_payroll_time_snapshots_immutable_update	FOREST_SUPERSEDED	-	packages/hrx/src/migrations/021_hrx_payroll_runtime.sql	abc99c92b800381aac4de6290df777d75581cdc482f5bc5cdbe803c2f50f3526	Forest input snapshots already persist input_json and tokenized source_refs_json; a second time snapshot hierarchy is rejected.
013_hrx_payroll_time_inputs.sql|TRIGGER|hrx_payroll_time_snapshots|trg_hrx_payroll_time_snapshots_immutable_delete	013_hrx_payroll_time_inputs.sql	TRIGGER	hrx_payroll_time_snapshots	trg_hrx_payroll_time_snapshots_immutable_delete	TRIGGER:hrx_payroll_time_snapshots:trg_hrx_payroll_time_snapshots_immutable_delete	FOREST_SUPERSEDED	-	packages/hrx/src/migrations/021_hrx_payroll_runtime.sql	55fb6bb193eea33ae0168ca20b99d41e96e9688476215f9221f8099b658a6348	Forest input snapshots already persist input_json and tokenized source_refs_json; a second time snapshot hierarchy is rejected.
013_hrx_payroll_time_inputs.sql|TRIGGER|hrx_payroll_time_snapshot_sources|trg_hrx_payroll_time_snapshot_sources_immutable_update	013_hrx_payroll_time_inputs.sql	TRIGGER	hrx_payroll_time_snapshot_sources	trg_hrx_payroll_time_snapshot_sources_immutable_update	TRIGGER:hrx_payroll_time_snapshot_sources:trg_hrx_payroll_time_snapshot_sources_immutable_update	FOREST_SUPERSEDED	-	packages/hrx/src/migrations/021_hrx_payroll_runtime.sql	e03e0e9a385f41c91f812c3c195462bc85a99ece43c2bda24328f41206304e8b	Forest input snapshots already persist input_json and tokenized source_refs_json; a second time snapshot hierarchy is rejected.
013_hrx_payroll_time_inputs.sql|TRIGGER|hrx_payroll_time_snapshot_sources|trg_hrx_payroll_time_snapshot_sources_immutable_delete	013_hrx_payroll_time_inputs.sql	TRIGGER	hrx_payroll_time_snapshot_sources	trg_hrx_payroll_time_snapshot_sources_immutable_delete	TRIGGER:hrx_payroll_time_snapshot_sources:trg_hrx_payroll_time_snapshot_sources_immutable_delete	FOREST_SUPERSEDED	-	packages/hrx/src/migrations/021_hrx_payroll_runtime.sql	0e8b0ad6c344979da3d9ac5a9afc13636c339b7465437f1adacf5d39a00fe952	Forest input snapshots already persist input_json and tokenized source_refs_json; a second time snapshot hierarchy is rejected.
014_hrx_leave_usage_units.sql|ALTER_COLUMN|hrx_leave_groups|balance_managed	014_hrx_leave_usage_units.sql	ALTER_COLUMN	hrx_leave_groups	balance_managed	COLUMN:hrx_leave_groups:balance_managed	FOREST_SUPERSEDED	-	packages/hrx/src/leave/type-economics.js	afe12191fecd849fa1439f0f6b2e011f6592e41385bd8b0331836d0b5f1f1aa9	Forest immutable policy rules model usage modes, paid/deduction ratios, rounding, and snapshotted request results without mutable duplicate columns.
014_hrx_leave_usage_units.sql|ALTER_COLUMN|hrx_leave_groups|balance_unit	014_hrx_leave_usage_units.sql	ALTER_COLUMN	hrx_leave_groups	balance_unit	COLUMN:hrx_leave_groups:balance_unit	FOREST_SUPERSEDED	-	packages/hrx/src/leave/type-economics.js	1c184f3d4916d43cd26ab23b7928643b9c9e5e3cf350b455152de7dba11b7512	Forest immutable policy rules model usage modes, paid/deduction ratios, rounding, and snapshotted request results without mutable duplicate columns.
014_hrx_leave_usage_units.sql|ALTER_COLUMN|hrx_leave_types|allowed_usage_units_json	014_hrx_leave_usage_units.sql	ALTER_COLUMN	hrx_leave_types	allowed_usage_units_json	COLUMN:hrx_leave_types:allowed_usage_units_json	FOREST_SUPERSEDED	-	packages/hrx/src/leave/type-economics.js	2296c4dbf3411305166e3ed75a92cb235c742db8a3f57ae14ea55876fb6dfe69	Forest immutable policy rules model usage modes, paid/deduction ratios, rounding, and snapshotted request results without mutable duplicate columns.
014_hrx_leave_usage_units.sql|ALTER_COLUMN|hrx_leave_types|deduct_minutes	014_hrx_leave_usage_units.sql	ALTER_COLUMN	hrx_leave_types	deduct_minutes	COLUMN:hrx_leave_types:deduct_minutes	FOREST_SUPERSEDED	-	packages/hrx/src/leave/type-economics.js	c998291c281118b48b974c44d9381257c6827caf01b47e01eaec8764e2934437	Forest immutable policy rules model usage modes, paid/deduction ratios, rounding, and snapshotted request results without mutable duplicate columns.
014_hrx_leave_usage_units.sql|ALTER_COLUMN|hrx_leave_types|paid_minutes	014_hrx_leave_usage_units.sql	ALTER_COLUMN	hrx_leave_types	paid_minutes	COLUMN:hrx_leave_types:paid_minutes	FOREST_SUPERSEDED	-	packages/hrx/src/leave/type-economics.js	94c24a0b567026271f0a4fc077e9bdffde9373b49d296e3705258ab11274cf52	Forest immutable policy rules model usage modes, paid/deduction ratios, rounding, and snapshotted request results without mutable duplicate columns.
014_hrx_leave_usage_units.sql|ALTER_COLUMN|hrx_leave_requests|applied_deduct_minutes	014_hrx_leave_usage_units.sql	ALTER_COLUMN	hrx_leave_requests	applied_deduct_minutes	COLUMN:hrx_leave_requests:applied_deduct_minutes	FOREST_SUPERSEDED	-	packages/hrx/src/leave/type-economics.js	b4bb3b8de44f7262c0a4faacb24447f8b6849e2734d9d28f7470b0f70a6a8b9c	Forest immutable policy rules model usage modes, paid/deduction ratios, rounding, and snapshotted request results without mutable duplicate columns.
014_hrx_leave_usage_units.sql|ALTER_COLUMN|hrx_leave_requests|applied_paid_minutes	014_hrx_leave_usage_units.sql	ALTER_COLUMN	hrx_leave_requests	applied_paid_minutes	COLUMN:hrx_leave_requests:applied_paid_minutes	FOREST_SUPERSEDED	-	packages/hrx/src/leave/type-economics.js	afa21c0d08cd39ac5a25d1c4eb66c91bc847b7b1a723597fc4917ee5255667ee	Forest immutable policy rules model usage modes, paid/deduction ratios, rounding, and snapshotted request results without mutable duplicate columns.
015_hrx_leave_accrual_rule_versions.sql|ALTER_COLUMN|hrx_leave_accrual_rules|logical_rule_code	015_hrx_leave_accrual_rule_versions.sql	ALTER_COLUMN	hrx_leave_accrual_rules	logical_rule_code	COLUMN:hrx_leave_accrual_rules:logical_rule_code	PORT_026_PLUS	028_hrx_leave_accrual_rule_versions.sql	packages/hrx/src/migrations/020_hrx_leave_rule_snapshots.sql	4267f5d80ad50c530603298f546cc7fda8c302da4a1ba0ab42eaf4e6d6206a9b	Logical rule lineage and execution as-of are additive to the existing Forest snapshot and ledger guarantees.
015_hrx_leave_accrual_rule_versions.sql|ALTER_COLUMN|hrx_leave_accrual_rules|version	015_hrx_leave_accrual_rule_versions.sql	ALTER_COLUMN	hrx_leave_accrual_rules	version	COLUMN:hrx_leave_accrual_rules:version	PORT_026_PLUS	028_hrx_leave_accrual_rule_versions.sql	packages/hrx/src/migrations/020_hrx_leave_rule_snapshots.sql	a9a9f2b7c9dc44f11e2f917f80c934ee84c9c9169b4f0e20cccdefdc29fed43c	Logical rule lineage and execution as-of are additive to the existing Forest snapshot and ledger guarantees.
015_hrx_leave_accrual_rule_versions.sql|ALTER_COLUMN|hrx_leave_accrual_rules|supersedes_rule_id	015_hrx_leave_accrual_rule_versions.sql	ALTER_COLUMN	hrx_leave_accrual_rules	supersedes_rule_id	COLUMN:hrx_leave_accrual_rules:supersedes_rule_id	PORT_026_PLUS	028_hrx_leave_accrual_rule_versions.sql	packages/hrx/src/migrations/020_hrx_leave_rule_snapshots.sql	a5118d37a3a46737e7f38b9d40cc0d70d065fdd5e51d19d376f9cb2615a9676b	Logical rule lineage and execution as-of are additive to the existing Forest snapshot and ledger guarantees.
015_hrx_leave_accrual_rule_versions.sql|ALTER_COLUMN|hrx_leave_accrual_runs|as_of_date	015_hrx_leave_accrual_rule_versions.sql	ALTER_COLUMN	hrx_leave_accrual_runs	as_of_date	COLUMN:hrx_leave_accrual_runs:as_of_date	PORT_026_PLUS	028_hrx_leave_accrual_rule_versions.sql	packages/hrx/src/migrations/020_hrx_leave_rule_snapshots.sql	bfc1788553ddff462290b996dea973ddfac6f1878cf6458c0038d4b4dd4a7d38	Logical rule lineage and execution as-of are additive to the existing Forest snapshot and ledger guarantees.
016_hrx_leave_entitlement_lifecycle.sql|ALTER_COLUMN|hrx_leave_entitlements|status	016_hrx_leave_entitlement_lifecycle.sql	ALTER_COLUMN	hrx_leave_entitlements	status	COLUMN:hrx_leave_entitlements:status	FOREST_SUPERSEDED	-	packages/hrx/src/leave/entitlement-lifecycle.js	11d3c0121de90718b943df49b75372115b80fc91cfef9e6c8b0f6cd0d4d5955f	Forest derives lifecycle from dates and immutable reversing ledger entries; mutable status/cancellation columns would create a second truth.
016_hrx_leave_entitlement_lifecycle.sql|ALTER_COLUMN|hrx_leave_entitlements|cancelled_at	016_hrx_leave_entitlement_lifecycle.sql	ALTER_COLUMN	hrx_leave_entitlements	cancelled_at	COLUMN:hrx_leave_entitlements:cancelled_at	FOREST_SUPERSEDED	-	packages/hrx/src/leave/entitlement-lifecycle.js	a53b25f74b5dc871f1dea8a7635d202aad261f664bfb6b39a7119f82bd3ae0b8	Forest derives lifecycle from dates and immutable reversing ledger entries; mutable status/cancellation columns would create a second truth.
016_hrx_leave_entitlement_lifecycle.sql|ALTER_COLUMN|hrx_leave_entitlements|cancelled_by	016_hrx_leave_entitlement_lifecycle.sql	ALTER_COLUMN	hrx_leave_entitlements	cancelled_by	COLUMN:hrx_leave_entitlements:cancelled_by	FOREST_SUPERSEDED	-	packages/hrx/src/leave/entitlement-lifecycle.js	b6d05d49084f5126da32dfde914a8a96bf4d1d7d9925d1bc64b059323bad5b8a	Forest derives lifecycle from dates and immutable reversing ledger entries; mutable status/cancellation columns would create a second truth.
016_hrx_leave_entitlement_lifecycle.sql|ALTER_COLUMN|hrx_leave_entitlements|cancellation_reason	016_hrx_leave_entitlement_lifecycle.sql	ALTER_COLUMN	hrx_leave_entitlements	cancellation_reason	COLUMN:hrx_leave_entitlements:cancellation_reason	FOREST_SUPERSEDED	-	packages/hrx/src/leave/entitlement-lifecycle.js	d2b92fda0fe811946fd6d1c74a0c69263ffe34125f68546569dc2ce19218bf0e	Forest derives lifecycle from dates and immutable reversing ledger entries; mutable status/cancellation columns would create a second truth.
016_hrx_leave_entitlement_lifecycle.sql|ALTER_COLUMN|hrx_leave_entitlements|cancellation_entry_id	016_hrx_leave_entitlement_lifecycle.sql	ALTER_COLUMN	hrx_leave_entitlements	cancellation_entry_id	COLUMN:hrx_leave_entitlements:cancellation_entry_id	FOREST_SUPERSEDED	-	packages/hrx/src/leave/entitlement-lifecycle.js	0990cb81f7fd11ccd8150cff33c028306920dc15887904153b23bdb78e9ebd3b	Forest derives lifecycle from dates and immutable reversing ledger entries; mutable status/cancellation columns would create a second truth.
