path	area	relation	forest_sha256	root_sha256	forest_size	root_size	forest_lines	root_lines	root_added_lines	root_deleted_lines	shared_contract_count	root_unique_contract_count	forest_unique_contract_count	forest_parse_status	root_parse_status
apps/api/src/hrx-member-roster-registry.js	api-runtime	FOREST_EXTENDS_EXTRACTED_CONTRACT	0a9025aebeeb3da05786f7042bab82c333c84395e45809848e5b703325b5692c	2121bfa2e7c4d02316789a8b86f431c6524d2f5739f8345b64dc3eacae3506d8	9718	7056	214	153	0	61	14	0	3	PASS	PASS
apps/api/src/hrx-runtime-context.js	api-runtime	BIDIRECTIONAL_CONTRACT_DELTA	4a779db1a76a1937555a1da8c81c34fd6c129ed88f203a9d7aff5a6b3d9152c4	b74570e8fb03c65e8a5de6dfdb77cdcebaf32cf0f752c4f3ed0eb63e5964f1f5	205567	180995	4580	4192	92	480	124	8	19	PASS	PASS
apps/api/src/lawos-role-registry.js	api-runtime	FOREST_EXTENDS_EXTRACTED_CONTRACT	cb5560162a0125920662b4087c086514c13d76bfbf9c4f19a9ba49e588fe7433	b6b905824c9390651919dbe585ca51138a19a4c093014a0675876afcf7fcb258	6997	8368	190	254	69	5	6	0	1	PASS	PASS
apps/api/src/middleware/hrx-step-up.js	api-runtime	CONTENT_DELTA_SAME_EXTRACTED_CONTRACT	f53b3b6338fa7eb06acc335c99ac214b3edeb3648a28f3e6b0baa99d5f25919a	f9f24bf767b8a21501e6fc3c357936eca8816823f2af03afea6f486507d24be4	3981	4091	109	111	4	2	5	0	0	PASS	PASS
apps/api/src/routes/hrx/route-policy-map.js	api-runtime	CONTENT_DELTA_SAME_EXTRACTED_CONTRACT	4773202eae6c4fbec7b6e45b5a934f02facb18b2ae77dc285a84de57ef249c0a	3d8cac7c58c5307a389c8e545f31d82acc07372cdbb41b0dc1bc86862b621d7a	49416	40751	1539	1302	114	351	2	0	0	PASS	PASS
apps/api/src/server.js	api-runtime	FOREST_EXTENDS_EXTRACTED_CONTRACT	1687fc4a7614c5e85cda1517364f3454836ddceb3abaa21978626ae5d954f1d6	e15dae3bfa2fba9587c4b2fdd60afb68a01d8bd02172ed7db2792651745480a3	62844	62189	1741	1726	29	44	96	0	1	PASS	PASS
apps/api/test/hrx/leave-accrual-api.test.js	api-test	BIDIRECTIONAL_CONTRACT_DELTA	c476131baa066a1b89ab50f76ae71347988fabfe134cb61627982f7c30447fc0	978d6577afcbc0534985015809e9e603ebc69da2505863ea29f893e76dc442eb	21661	14189	302	181	70	191	16	13	21	PASS	PASS
apps/api/test/hrx/leave-management-api.test.js	api-test	FOREST_EXTENDS_EXTRACTED_CONTRACT	e4b999ebe5306e3c82514e2d619334875316c9320de6c06c3ae6e1d24ec2ee87	b39826529de6f47ea325e03fb185dbb04d4350247e144790eac53465cf92b23a	14384	11391	256	217	4	43	24	0	3	PASS	PASS
apps/api/test/hrx/leave-policy-api.test.js	api-test	FOREST_EXTENDS_EXTRACTED_CONTRACT	d4ae603af550a0a290a943a74ab150de61ecbc125062bb01010447b4728f2b76	38274d692dca1c0f7d3640b8b2f83376e5e800bc21d0a9e1d3611d0d5bfdc686	6774	3664	177	90	6	93	15	0	4	PASS	PASS
apps/api/test/hrx/route-authz.test.js	api-test	BIDIRECTIONAL_CONTRACT_DELTA	2ddb00cd114e94a90b0b95426498c20a799e0809394ad729fa43e6c9825f5ced	57216ec0e47e7af323193ac293f34021a0552322c791dd8c171ec8ffea2201ea	25493	23207	459	434	35	60	75	8	27	PASS	PASS
apps/api/test/profile-api.test.js	api-test	FOREST_EXTENDS_EXTRACTED_CONTRACT	9f151883e51853a645e77cd998a30a71d8951999c5b4c0f59eb0db77b37b6d08	06f4a588d92780e0c1dc1acb3e3a1ee012d00298ad1e970fe90909caff3445fe	7698	5240	177	113	12	76	8	0	5	PASS	PASS
apps/desktop/src/main/main.js	desktop-runtime	IDENTICAL	0a0b087b6e547bba4f19fe3ba92df9f6811e83e3603115496f10392369e60e20	0a0b087b6e547bba4f19fe3ba92df9f6811e83e3603115496f10392369e60e20	8631	8631	252	252	0	0	32	0	0	PASS	PASS
apps/desktop/test/shell-smoke.test.mjs	desktop-test	BIDIRECTIONAL_CONTRACT_DELTA	695fa247beb7d23ecffe33d07a6e7f7d5c95f48b5a992f4bfdca9e6560660bef	106b6a025d7e3d5640480147beff36f5d1470b90f8cbf5a15268383e47240f63	17437	17432	471	471	1	1	24	1	1	PASS	PASS
apps/web/src/components/AuthSurface.jsx	web-runtime	ROOT_EXTENDS_EXTRACTED_CONTRACT	e5bae59511a967e471f6d5030305af6b94a9f6a9f2590eb1bc0e7bf45c04fd53	2d69f12bec32c2945c00f91f9e350444c6d028f8b8ab1ed98b9e133c23e5add8	11268	11508	310	315	6	1	11	2	0	PASS	PASS
apps/web/src/components/UserProfileSurface.jsx	web-runtime	CONTENT_DELTA_SAME_EXTRACTED_CONTRACT	a9d3f1f814ff480cd13206bbf994b57b8e2a7ca24b7ba445f67d7599894cf3bb	362a781e158b7044abddd89fa57c7515ddec514c9f262929a4f3ef2c16ea9590	19185	18461	479	455	25	49	12	0	0	PASS	PASS
apps/web/src/people/hrxApiClient.ts	web-runtime	BIDIRECTIONAL_CONTRACT_DELTA	c751ecbbb997d6bcfc9e517d0d9304d1068248e4723dc2a0262e8ab3909c17e8	3efcce424772489db2ec9c53699a97258c9cbdab798be1b94c1bac91254c9912	82492	69639	1781	1544	36	273	168	8	50	PASS	PASS
apps/web/src/people/leave/LeaveAccrualAutoPage.tsx	leave-ui	FOREST_EXTENDS_EXTRACTED_CONTRACT	b18d92643896cfe3359be7e8f3d4c62ab36311b9cf55860ef19b4ec5d44bde9c	63dd0e186adeb1ee67b621942e95fc192f28b6a4cc9580a5990003a1b9073651	23803	21277	397	303	121	215	10	0	6	PASS	PASS
apps/web/src/people/leave/LeaveAccrualManualPage.tsx	leave-ui	CONTENT_DELTA_SAME_EXTRACTED_CONTRACT	457d9c080e66d41217e2763a4daff84bebdd58c5d0ed4303109f49a9690a667c	21bd72f720c69433dbbdce364c3667d6fd3fe1e91993fef39a2c765066b4095e	10700	12381	161	196	41	6	10	0	0	PASS	PASS
apps/web/src/people/leave/LeaveApprovalQueue.tsx	leave-ui	CONTENT_DELTA_SAME_EXTRACTED_CONTRACT	322a967fc27ccc7eb87f93c312fa5aa838aeaae7f2ce76434cebba22f88e5b03	9233d7977f7b46c1cb2b0caad9e05b1a93be46a0aec72a19d632491140bc918e	16105	15926	256	256	2	2	6	0	0	PASS	PASS
apps/web/src/people/leave/LeavePromotionPage.tsx	leave-ui	FOREST_EXTENDS_EXTRACTED_CONTRACT	4a8d23f633cfffca49916160bc172499bb31cdcbd50c24d50031814e03731204	9ff8e74b286148c7c06ec6ffb32c86b4d246a8c4e0fd2f1ba361175fe8719348	24330	16264	344	226	32	150	16	0	3	PASS	PASS
apps/web/src/people/leave/LeaveRequestPage.tsx	leave-ui	CONTENT_DELTA_SAME_EXTRACTED_CONTRACT	c5250816ee96f0d8418505ebd5bae6a294bc2b1b24f8c7f9a7dcd25ee455336f	879fd0adff5ccaa1f64dcbe679a808d285a2713b47dcb3fa4d4fb8f7a94e99fc	25776	23897	393	354	6	45	7	0	0	PASS	PASS
apps/web/src/people/leave/LeaveTerminationPage.tsx	leave-ui	CONTENT_DELTA_SAME_EXTRACTED_CONTRACT	798cadfebdc5f4e1fd6a977549ce2cc92be1c46c5c717edb3c85de89ac2f744a	cffa953ad11ce0f723a04029007f0249541688e28ee7a01e98f1baee70fa1802	9022	9336	139	135	7	11	7	0	0	PASS	PASS
apps/web/src/people/leave/LeaveTypeSettingsPage.tsx	leave-ui	FOREST_EXTENDS_EXTRACTED_CONTRACT	dd52ff89f2c96213f0050cff9719b9a970131802f5970e4534cd65c8ba9256c0	78183bc3c42b644500d93eda324755fa3c4a3d4dbbe2a5677632d5ea876091d4	24392	15148	398	270	5	133	10	0	1	PASS	PASS
apps/web/src/people/leave/LeaveUsagePage.tsx	leave-ui	BIDIRECTIONAL_CONTRACT_DELTA	09f7971e72dd3763914beab761b67c6364af6b6254987f9aecf2a752415d4129	4d7aa6139fcae0620ec66e195f14c92df97de2897fcdbf1b832d1ba22770a4d6	32802	13027	480	208	96	368	6	1	25	PASS	PASS
apps/web/src/people/memberPhotos.js	web-runtime	CONTENT_DELTA_SAME_EXTRACTED_CONTRACT	4f3338d1098ad69ff54dd31c969d1a24f4588b059b3305e7c52d4b70cb544be4	a59ea13778e9082bb4eff53e19acf82f56d4048a24ecddd71491a8ab2ac8940c	200	317	5	7	4	2	1	0	0	PASS	PASS
apps/web/test/leave-accrual-ui.test.mjs	web-test	BIDIRECTIONAL_CONTRACT_DELTA	5640112a9647ddc0d9853fa9f2b3754acc917a26a31ec03bd595571f0a8bb31e	58bfb6ae696deabbf845015cb14822b03cc6e887348c3ad49d5e568d1855fafc	5657	5340	92	98	35	29	7	2	1	PASS	PASS
apps/web/test/leave-integration-ui.test.mjs	web-test	CONTENT_DELTA_SAME_EXTRACTED_CONTRACT	696d075d009ce773f6bbde67aa6cf84b7a0693432bb0c7c59c4f10c3f84ae804	edc4d1d12d1d5056eef17fb00a98b65653d998e3353a937d47c60d6b5580d3fb	2345	1720	42	35	2	9	6	0	0	PASS	PASS
apps/web/test/leave-promotion-ui.test.mjs	web-test	CONTENT_DELTA_SAME_EXTRACTED_CONTRACT	07cdd10901066d9281238dbb310d63cf5e25b871cc404fd7c75baa90c334d77c	54dac24ab91f1aaa86186fecb4535504141e8972cde415aa3d5fc953be29246a	4219	3245	69	58	4	15	8	0	0	PASS	PASS
apps/web/test/leave-reporting-ui.test.mjs	web-test	CONTENT_DELTA_SAME_EXTRACTED_CONTRACT	96d25179aff71e13138f660430b6f7f54a7b4993b16bbbed432ee6c6870c4227	439d6ae60e8469a0daa5a1c694b7f9551f645a8a88c1dab6d129673e33e0a358	6794	4736	100	76	8	32	8	0	0	PASS	PASS
apps/web/test/leave-self-service-ui.test.mjs	web-test	CONTENT_DELTA_SAME_EXTRACTED_CONTRACT	b63091fce4f328531601dc36de5bf562f4ac65a07446c8ebba543a92923fec36	bae20ef61e852f594ca2a37fe2697e067d2effde56791aeca3c7bdc91283aef1	4163	3829	80	75	2	7	8	0	0	PASS	PASS
apps/web/test/ui-regression.test.mjs	web-test	BIDIRECTIONAL_CONTRACT_DELTA	6ee0dc98fc53c88c3da20617e2a962866fb434c69fc30af2fe70475ea88d4401	f220608867ebbf727d7604df356c9daa69eccfb05b8fd39018f8109573b97aab	151290	142426	2123	2019	49	153	41	1	3	PASS	PASS
docs/lazycodex/evidence/matter-desktop/artifacts/macos-build.md	evidence-doc	CONTENT_DELTA_SAME_EXTRACTED_CONTRACT	dbfd27233ed47386dc817395e5773d233f9bef3e60433a9250cd1f85eab4aea3	9c6a7b45af67aeb7b9e81907327827064b6e29a5a8da707fea076b596dd4df68	2819	2814	65	65	5	5	0	0	0	NOT_CODE	NOT_CODE
docs/lazycodex/evidence/matter-web/desktop-web-renderer-asset.md	evidence-doc	CONTENT_DELTA_SAME_EXTRACTED_CONTRACT	9c64f95724ce5a0c733eb69da724505680735061fdf5fa7126252f7bccd32a8f	f4e0eed9d0ae18607a4e4715fd5f3caacdf137b4c5ce906ea77b5177ca75ed4f	441	481	19	19	1	1	0	0	0	NOT_CODE	NOT_CODE
packages/authz/src/hrx-sensitive-scopes.js	authz	CONTENT_DELTA_SAME_EXTRACTED_CONTRACT	ba92e550407d050ee4a67b2f6008ef9ab13c7b94470ea54022bd5d7e1ba6f610	18c05e0ae4c52e984b1582fac34ea42103064005a5a34da0bea750e6dbb03ea2	2567	2652	68	71	10	7	6	0	0	PASS	PASS
packages/hrx/src/index.js	hrx-runtime	CONTENT_DELTA_SAME_EXTRACTED_CONTRACT	138bbf91a735ec90df04e2383a5de723b75aaf299e959090230c135219abc965	9721ecba6717afc4243ca2cf1e714b63fe934036427dcdd1d386637fe73a509d	4451	3196	108	82	4	30	0	0	0	PASS	PASS
packages/hrx/src/leave/accrual-service.js	leave-domain	BIDIRECTIONAL_CONTRACT_DELTA	7e7ae192e40fa819b0e4bb5dccab4731e77246493394c4400cebb2a4c0435a23	85bb4554c7ce37b60369eeb9e54ff1daa98fff831ac42a471f7526aaa2bb8192	41893	50400	671	725	233	179	8	1	3	PASS	PASS
packages/hrx/src/leave/integration-service.js	leave-domain	FOREST_EXTENDS_EXTRACTED_CONTRACT	a7b48315c101bcb50f48523b951dcfab16e1bdcf0f12023eb39e7d6d87f572c7	259fc39870848daaf3eaba6ada0e0604b9788c5db93d71a46240ad8d96e22cbb	29027	19806	593	409	28	212	4	0	1	PASS	PASS
packages/hrx/src/leave/management-service.js	leave-domain	FOREST_EXTENDS_EXTRACTED_CONTRACT	8805c1d0567c934066982e15d266b0eb9a954427ca2677ec45be5b77fd430a77	3af607b2b05a0d8dd33db95cfa26f9cca587c06cee58bec99b6d8899208480e5	78434	78250	1670	1661	74	83	6	0	1	PASS	PASS
packages/hrx/src/leave/policy-service.js	leave-domain	BIDIRECTIONAL_CONTRACT_DELTA	b1b8a3e433f2a2ed92ed7d1f5b2e7537cda029d7eff95d51c90ef9d5b3fedab9	6277badc3563d8e7659e32c5c42cfb0e906d3da3ddaeb0e686224b7bc62a208a	12850	16067	302	362	69	9	1	1	1	PASS	PASS
packages/hrx/src/leave/xlsx-export.js	leave-domain	ROOT_EXTENDS_EXTRACTED_CONTRACT	20762a244a2f063dae95740e73f2bce6c9efa7fd408932d1d34fc2fcc7cdfe78	f55fbcbe3537d0ceefb26f5101a9365c10dd5ade241036c1b5ae29939316bc47	7042	10701	133	207	76	2	1	2	0	PASS	PASS
packages/hrx/src/migrations/index.js	migration	CONTENT_DELTA_SAME_EXTRACTED_CONTRACT	9ba6214f68afa56e5f594b96710eae153b583e80baaa49696778770f303007db	7dd3f226430adf216b0d8a0863d5948ae28a2bfd6d041506a2a8aecc42c3fbac	4225	3123	148	112	12	48	9	0	0	PASS	PASS
packages/hrx/src/store/file-store.js	store	CONTENT_DELTA_SAME_EXTRACTED_CONTRACT	44eead4f41a1dd3fc4fa6abbcc2ee853395ebb3355d22fec1b71cbd7866c6f09	5e972a5b6e737158cda5a7bbb73a46707c7fbb051c99a2895acb1eafdf3540e3	75305	40608	1281	800	97	578	5	0	0	PASS	PASS
packages/hrx/src/store/port.js	store	CONTENT_DELTA_SAME_EXTRACTED_CONTRACT	b5e9c147c051b82a79d979a93b7d5a132e72f96beaca95d829bf2a4a9d036083	ddf374682215c3e3dfbb5411137f6312dbd19db4046d1249d8969439882540b9	3482	2917	116	98	5	23	7	0	0	PASS	PASS
packages/hrx/test/leave-accrual-service.test.js	hrx-test	BIDIRECTIONAL_CONTRACT_DELTA	851ba90ee8ffa74facb0ddbafb1acb5356005fae10bda7a7ccbe02de9f7a0aae	75e1aa5884b06f8c77e4aeb731f0ea4aa6f3bbd3330884fc4e0080e050e89c40	14933	20233	213	303	172	82	9	5	4	PASS	PASS
packages/hrx/test/leave-integration-service.test.js	hrx-test	BIDIRECTIONAL_CONTRACT_DELTA	73033437d2648e7f244826d7a05acab5c9974089b37e15b9aa1279db4c0e5bee	5c8e5ade988c0261441d5e10d510079aed8f1cee0bd2210f063286bbb3263c89	24452	17969	357	238	31	150	11	3	6	PASS	PASS
packages/hrx/test/leave-management-durable.test.js	hrx-test	BIDIRECTIONAL_CONTRACT_DELTA	1770b2253c8f84e0927303d20e9556491b6f87ed8cd794b48ec4c37a28b95489	ecbe0d2602d17254e25fb7da45f2909ac6187dd5544efd62765291c070d4fa86	33547	28374	886	725	48	209	21	2	4	PASS	PASS
packages/hrx/test/migration.test.js	hrx-test	CONTENT_DELTA_SAME_EXTRACTED_CONTRACT	b81d3e324aa59083ec18605e640b3872d13e6b43257059c3ef648e723fc0be71	248b46bc5c127e05181d833395236f8dc0a204c8a3a837845c8f85a3999cd1ee	7334	4659	151	110	5	46	9	0	0	PASS	PASS
scripts/build-matter-desktop-mac.mjs	build-script	CONTENT_DELTA_SAME_EXTRACTED_CONTRACT	31aebbe03740fcb5e83a103fc24a3666d0fb59f633d0ae1e7f4d25344ae761ee	e1e4d312120e6b7c2e74ea05b0491c27c0cdee7d0faab907a178db9fc419b48b	22836	21518	498	464	6	40	10	0	0	PASS	PASS
scripts/build-matter-desktop-win.mjs	build-script	CONTENT_DELTA_SAME_EXTRACTED_CONTRACT	ef7ca6c9b43c6315f9999f3817f305e62adedeb346a590e936285a0c6cbbc4aa	d91e24e78ba3d2073b2af670cea8764d39163b84255f581abb5a0d34165afb63	8475	8461	214	214	1	1	9	0	0	PASS	PASS
scripts/prepare-matter-desktop-web-renderer.mjs	build-script	CONTENT_DELTA_SAME_EXTRACTED_CONTRACT	d6b85370be78bf3ecfa5370606b95a80f140ea722191c22c02006234741b2079	e3abeb71c0580d0ca068c2b987ce4749140d8942d7fbe691a71b9ffeae3bca7c	2073	2113	63	63	1	1	6	0	0	PASS	PASS
scripts/validate-public-renderer-no-hrx-roster-pii.mjs	build-script	IDENTICAL	86f9cbfc8f929b533c803f6cbbb44023edc49f5eaed0f37bd7b1bab6bf018b45	86f9cbfc8f929b533c803f6cbbb44023edc49f5eaed0f37bd7b1bab6bf018b45	3493	3493	70	70	0	0	4	0	0	PASS	PASS
