path	capability	preservation	checkpoint_relation	mode	size	checkpoint_sha256	current_sha256
apps/api/src/hrx-payroll-runtime.js	PAYROLL	PRESERVE_SOURCE	BYTE_IDENTICAL	644	13020	e1bd01f0d1df0967ad1a99667280cabe19826bc1a59283418efb91b4aed3ab7d	e1bd01f0d1df0967ad1a99667280cabe19826bc1a59283418efb91b4aed3ab7d
apps/api/src/hrx-role-scope-matrix.js	AUTH_PROFILE	PRESERVE_SOURCE	BYTE_IDENTICAL	644	2946	3a93ff39dc21e103e6c0e62b180d12c83ad75009a7a9455b709ea811d4e14c7f	3a93ff39dc21e103e6c0e62b180d12c83ad75009a7a9455b709ea811d4e14c7f
apps/api/src/routes/hrx/payroll-runtime.js	PAYROLL	PRESERVE_SOURCE	BYTE_IDENTICAL	644	18658	1e6193f62648dd17428a62ee8cbea3d7f5a2ac756b5bae474cb651604b42ee98	1e6193f62648dd17428a62ee8cbea3d7f5a2ac756b5bae474cb651604b42ee98
apps/api/test/hrx-runtime-api.test.js	PERSISTENCE_AUTHZ_PACKAGE	PRESERVE_TEST	APPROVED_FZ006_STABILIZATION	644	61664	365844a60a6ea0d84bb4d9462b9c1aafca7fbf39f761a146980d8e27c03a6abf	aebdee4c555b3162d9889c2dd13198a7d288756e3caa8b59e2c31fe3106bb6c7
apps/api/test/hrx/hrx-role-scope-matrix.test.js	AUTH_PROFILE	PRESERVE_TEST	BYTE_IDENTICAL	644	5207	39aa41854069f8fb0f9ab4ad675c3b175f1a246efd4ef3a836952e2937189080	39aa41854069f8fb0f9ab4ad675c3b175f1a246efd4ef3a836952e2937189080
apps/api/test/hrx/leave-entitlement-lifecycle-api.test.js	LEAVE	PRESERVE_TEST	BYTE_IDENTICAL	644	12185	3bdca1f33531ca6e8e6e9aa33c4b4aa28143b596c4b7a45b9d9e1545a4f6640f	3bdca1f33531ca6e8e6e9aa33c4b4aa28143b596c4b7a45b9d9e1545a4f6640f
apps/api/test/hrx/leave-integration-api.test.js	LEAVE	PRESERVE_TEST	BYTE_IDENTICAL	644	11392	c00602d35a2a242e70a2a00b7c90eb2b16b8e58c6300fc651ad92d3a6a84958a	c00602d35a2a242e70a2a00b7c90eb2b16b8e58c6300fc651ad92d3a6a84958a
apps/api/test/hrx/leave-promotion-api.test.js	LEAVE	PRESERVE_TEST	BYTE_IDENTICAL	644	11035	4070700463298881e84edb0a3e2b688cbf81d2f23950cb309f3742378221348b	4070700463298881e84edb0a3e2b688cbf81d2f23950cb309f3742378221348b
apps/api/test/hrx/leave-reporting-api.test.js	LEAVE	PRESERVE_TEST	BYTE_IDENTICAL	644	10527	9be3fb8c5b8baec3a06eac321bdf7ec02006dd047584fb87c975bc970d2125ee	9be3fb8c5b8baec3a06eac321bdf7ec02006dd047584fb87c975bc970d2125ee
apps/api/test/hrx/payroll-runtime.test.js	PAYROLL	PRESERVE_TEST	BYTE_IDENTICAL	644	9610	d4f454b5e9e83273c90c16c17acf7b22fc2167cc811e4e7d9e7a243e684d20f2	d4f454b5e9e83273c90c16c17acf7b22fc2167cc811e4e7d9e7a243e684d20f2
apps/desktop/src/main/aws-runtime.js	PERSISTENCE_AUTHZ_PACKAGE	PRESERVE_SOURCE	BYTE_IDENTICAL	644	20746	0acaeaca7d565a0f358e0a34b17987f46674e030a0754e272d09db8bd3e03052	0acaeaca7d565a0f358e0a34b17987f46674e030a0754e272d09db8bd3e03052
apps/desktop/src/renderer/offline.html	PERSISTENCE_AUTHZ_PACKAGE	PRESERVE_SOURCE	BYTE_IDENTICAL	644	80466	42f26a40be8b85f6c319a4601d9cec76839fc45692765297a28363dc65d00b73	42f26a40be8b85f6c319a4601d9cec76839fc45692765297a28363dc65d00b73
apps/desktop/test/aws-runtime-client.test.mjs	PERSISTENCE_AUTHZ_PACKAGE	PRESERVE_TEST	BYTE_IDENTICAL	644	28912	634efc618f32796700d719cb623cf8c87f41d906d855f02a19bfcfce3780798d	634efc618f32796700d719cb623cf8c87f41d906d855f02a19bfcfce3780798d
apps/desktop/test/renderer-runtime-ui.test.mjs	PERSISTENCE_AUTHZ_PACKAGE	PRESERVE_TEST	BYTE_IDENTICAL	644	14817	e6a7a711926017059664cb2f86356d48867c4d1f5c1b390e34510c2ed0e8b669	e6a7a711926017059664cb2f86356d48867c4d1f5c1b390e34510c2ed0e8b669
apps/web/src/App.jsx	PERSISTENCE_AUTHZ_PACKAGE	PRESERVE_SOURCE	BYTE_IDENTICAL	644	28680	0e726eb7532bc3940741f86c2b4b2296f08406f5fa3473fc8f8dd1ce4ba203a6	0e726eb7532bc3940741f86c2b4b2296f08406f5fa3473fc8f8dd1ce4ba203a6
apps/web/src/admin/hrx/HRXAuditViewer.tsx	PEOPLE	PRESERVE_SOURCE	BYTE_IDENTICAL	644	2076	b296146ae80620c64d72a0c5a0eb130f9458dab08707bbc8711e73de9b144f2f	b296146ae80620c64d72a0c5a0eb130f9458dab08707bbc8711e73de9b144f2f
apps/web/src/admin/hrx/HRXPolicyConsole.tsx	PEOPLE	PRESERVE_SOURCE	BYTE_IDENTICAL	644	2873	12c9ab81b94424f3b862fa7fb44040aaee98e7b3052db16c9d5555413dd6f63a	12c9ab81b94424f3b862fa7fb44040aaee98e7b3052db16c9d5555413dd6f63a
apps/web/src/candidate/CandidatePortal.tsx	PORTAL	PRESERVE_SOURCE	BYTE_IDENTICAL	644	2991	cc4d83d3c6f1b1aced1db56de8b7e57a12917f28df76ac3fad8eb9111bc641ba	cc4d83d3c6f1b1aced1db56de8b7e57a12917f28df76ac3fad8eb9111bc641ba
apps/web/src/components/AnalyticsSurface.jsx	SEARCH	PRESERVE_SOURCE	BYTE_IDENTICAL	644	10198	bbe704745c4faca328a750d932a2fb30eff5d914dc9b5ab49b13b2c32f13bcd4	bbe704745c4faca328a750d932a2fb30eff5d914dc9b5ab49b13b2c32f13bcd4
apps/web/src/components/AskSurface.jsx	SEARCH	PRESERVE_SOURCE	BYTE_IDENTICAL	644	5734	22692fc1f959dfa8d4957b2ae12baf2b1dea5c822045157e326b946fd878c40b	22692fc1f959dfa8d4957b2ae12baf2b1dea5c822045157e326b946fd878c40b
apps/web/src/components/ClientsSurface.jsx	CLIENT	PRESERVE_SOURCE	BYTE_IDENTICAL	644	121379	99943c843bfab17e7a23f7c8b079dd4f687de487e6ff32647867a3cc4043b73b	99943c843bfab17e7a23f7c8b079dd4f687de487e6ff32647867a3cc4043b73b
apps/web/src/components/DashboardList.jsx	HOME	PRESERVE_SOURCE	BYTE_IDENTICAL	644	3583	a9ab083ed0c63a2c6e3bdf33309e903dfc95cc923a8746ae55da8d9217e1ff29	a9ab083ed0c63a2c6e3bdf33309e903dfc95cc923a8746ae55da8d9217e1ff29
apps/web/src/components/DataCloudEnrichmentPanel.jsx	CLIENT	PRESERVE_SOURCE	BYTE_IDENTICAL	644	14524	4bfceff56ac3bb7ca325d74f4286c4cf5e544bb683e73d525b9ad43ac4f17eb3	4bfceff56ac3bb7ca325d74f4286c4cf5e544bb683e73d525b9ad43ac4f17eb3
apps/web/src/components/FinanceSurface.jsx	HOME	PRESERVE_SOURCE	BYTE_IDENTICAL	644	13106	eed72776907ab89463c891e03084167333fb116badddc7a196ff9d8571c25bec	eed72776907ab89463c891e03084167333fb116badddc7a196ff9d8571c25bec
apps/web/src/components/HomeFinanceOperations.jsx	HOME	PRESERVE_SOURCE	BYTE_IDENTICAL	644	15234	cd676308d78f5cd90370d26479a9d02f49c18a0b9d1b044b92fd7b01e030fa3e	cd676308d78f5cd90370d26479a9d02f49c18a0b9d1b044b92fd7b01e030fa3e
apps/web/src/components/HomeSurface.jsx	HOME	PRESERVE_SOURCE	BYTE_IDENTICAL	644	81358	780be0e55fa3630475c9f175c00fd9883921f0bb6b983e9a87cd468a463f268d	780be0e55fa3630475c9f175c00fd9883921f0bb6b983e9a87cd468a463f268d
apps/web/src/components/ImportDataMappingPanel.jsx	CLIENT	PRESERVE_SOURCE	BYTE_IDENTICAL	644	12431	9e8664b9967c21f9a3ebd492f600e31b798337e4a90123c323cb199c442c232c	9e8664b9967c21f9a3ebd492f600e31b798337e4a90123c323cb199c442c232c
apps/web/src/components/IntakeSurface.jsx	CLIENT	PRESERVE_SOURCE	BYTE_IDENTICAL	644	6091	73e013706f0f05c273074700ddb7b1399f960d4f0e77a14b1b57c661783c8346	73e013706f0f05c273074700ddb7b1399f960d4f0e77a14b1b57c661783c8346
apps/web/src/components/MatterVaultPanel.jsx	MATTER	PRESERVE_SOURCE	BYTE_IDENTICAL	644	31198	cb3317308c0992173cb689e7b9afef91471abce9eaf2625932b33b89fd5addc3	cb3317308c0992173cb689e7b9afef91471abce9eaf2625932b33b89fd5addc3
apps/web/src/components/MattersSurface.jsx	MATTER	PRESERVE_SOURCE	BYTE_IDENTICAL	644	166630	2d02e3e33d18dff7c08edd2de89402ea0569e1782298c70342efbcf0858b6fa9	2d02e3e33d18dff7c08edd2de89402ea0569e1782298c70342efbcf0858b6fa9
apps/web/src/components/OpsSurface.jsx	HOME	PRESERVE_SOURCE	BYTE_IDENTICAL	644	4106	8bbcd247289f136a41853b0afbe3d726df075bcf20a3025c0cabb52baf41e949	8bbcd247289f136a41853b0afbe3d726df075bcf20a3025c0cabb52baf41e949
apps/web/src/components/PortalSurface.jsx	PORTAL	PRESERVE_SOURCE	BYTE_IDENTICAL	644	11512	fbc6d1c62cef8cb4069cd6d2ac72f89c9da54e42eeb6218a99dc159f8f283d97	fbc6d1c62cef8cb4069cd6d2ac72f89c9da54e42eeb6218a99dc159f8f283d97
apps/web/src/components/ProfilesSurface.jsx	CLIENT	PRESERVE_SOURCE	BYTE_IDENTICAL	644	6503	eed33ecc11793e7620cc9006264b4374b9761fc9019ec6054815c640edd06666	eed33ecc11793e7620cc9006264b4374b9761fc9019ec6054815c640edd06666
apps/web/src/components/ReadinessSurface.jsx	SEARCH	PRESERVE_SOURCE	BYTE_IDENTICAL	644	4416	6617326206cfb50ee79fa64fd983803484db99c7c4e44549b11662f729d0e235	6617326206cfb50ee79fa64fd983803484db99c7c4e44549b11662f729d0e235
apps/web/src/components/ReportBuilderPanel.jsx	SEARCH	PRESERVE_SOURCE	BYTE_IDENTICAL	644	14972	b01104205d56899ee658e1c98eaf18ba85f4cf66b2dcc7e759b2560c8a9e354c	b01104205d56899ee658e1c98eaf18ba85f4cf66b2dcc7e759b2560c8a9e354c
apps/web/src/components/Shell.jsx	PERSISTENCE_AUTHZ_PACKAGE	PRESERVE_SOURCE	BYTE_IDENTICAL	644	55249	49efdac45e27a7b5634b4e2eca7c225bbf4eed77334848f1519279f5b0da4c2b	49efdac45e27a7b5634b4e2eca7c225bbf4eed77334848f1519279f5b0da4c2b
apps/web/src/components/VaultSurface.jsx	SEARCH	PRESERVE_SOURCE	BYTE_IDENTICAL	644	26658	dad063b450619e997dafa72a721d260fa928a9ce909672170ac704b6c84473c8	dad063b450619e997dafa72a721d260fa928a9ce909672170ac704b6c84473c8
apps/web/src/components/primitives.jsx	PERSISTENCE_AUTHZ_PACKAGE	PRESERVE_SOURCE	BYTE_IDENTICAL	644	2637	3db798c4483b8a14263a81107754f2199381da3153f89e8c404fa760457d82c6	3db798c4483b8a14263a81107754f2199381da3153f89e8c404fa760457d82c6
apps/web/src/data/globalUtilities.js	PERSISTENCE_AUTHZ_PACKAGE	PRESERVE_SOURCE	BYTE_IDENTICAL	644	18194	db5d0189c664a519ce7e4998a4d42b44e2017df065a801c2200c2009662d58af	db5d0189c664a519ce7e4998a4d42b44e2017df065a801c2200c2009662d58af
apps/web/src/i18n.js	PERSISTENCE_AUTHZ_PACKAGE	PRESERVE_SOURCE	BYTE_IDENTICAL	644	25208	89739cfc8249cb1b40ce8af96b64b77ba766739216782af075a8c786dc7113f2	89739cfc8249cb1b40ce8af96b64b77ba766739216782af075a8c786dc7113f2
apps/web/src/people/PeopleHome.tsx	PEOPLE	PRESERVE_SOURCE	BYTE_IDENTICAL	644	20433	4e1fcd87472ec9d9969481908ddbafc88179bf806e7757c2503fda515bfceb4d	4e1fcd87472ec9d9969481908ddbafc88179bf806e7757c2503fda515bfceb4d
apps/web/src/people/admin/PermissionAdminPanel.jsx	AUTH_PROFILE	PRESERVE_SOURCE	BYTE_IDENTICAL	644	21492	cf52e45ee6f993943742b1833e8721029a478fd9da630de92222b78b5e7867a0	cf52e45ee6f993943742b1833e8721029a478fd9da630de92222b78b5e7867a0
apps/web/src/people/ai/HRAIAssistant.tsx	PEOPLE	PRESERVE_SOURCE	BYTE_IDENTICAL	644	5447	7ecb3b4bf819d059bb40e675126769c087516652151bd44ee635a1acc0e4186f	7ecb3b4bf819d059bb40e675126769c087516652151bd44ee635a1acc0e4186f
apps/web/src/people/analytics/HRAnalytics.tsx	PEOPLE	PRESERVE_SOURCE	BYTE_IDENTICAL	644	2119	6fd25c1f0a0af58ead698448180fa94462ccf2313d38446c37905a08a778f75e	6fd25c1f0a0af58ead698448180fa94462ccf2313d38446c37905a08a778f75e
apps/web/src/people/approvals/ManagerApprovalQueue.tsx	PEOPLE	PRESERVE_SOURCE	BYTE_IDENTICAL	644	4270	8bcd888f318b5918c5a48d1f3a6e640bd30b47d46e2f378509202a473e749979	8bcd888f318b5918c5a48d1f3a6e640bd30b47d46e2f378509202a473e749979
apps/web/src/people/attendance/AttendanceWorkspace.tsx	PEOPLE	PRESERVE_SOURCE	BYTE_IDENTICAL	644	7139	94d15fd2844f23d882fb2e5532b7330dd26e66beab380a445af2982bfcbdfb6a	94d15fd2844f23d882fb2e5532b7330dd26e66beab380a445af2982bfcbdfb6a
apps/web/src/people/documents/HRDocumentWorkspace.tsx	PEOPLE	PRESERVE_SOURCE	BYTE_IDENTICAL	644	13874	30d451857e4292f6f4c0abe0b489a63d43ce0bc1f2b132351ee9edaba66f4713	30d451857e4292f6f4c0abe0b489a63d43ce0bc1f2b132351ee9edaba66f4713
apps/web/src/people/employees/EmployeeList.tsx	PEOPLE	PRESERVE_SOURCE	BYTE_IDENTICAL	644	2831	b860f75d53110a787a50ccc45a99d3d9afb70c8ac14f84c39aa77b283f041477	b860f75d53110a787a50ccc45a99d3d9afb70c8ac14f84c39aa77b283f041477
apps/web/src/people/employees/PeopleWorkforceDirectory.tsx	PEOPLE	PRESERVE_SOURCE	BYTE_IDENTICAL	644	29537	3cfc8211cf4d0bb519621fee5efa70443b71d8f1979f627c179268cbd97d06e5	3cfc8211cf4d0bb519621fee5efa70443b71d8f1979f627c179268cbd97d06e5
apps/web/src/people/legal/LegalPeopleWorkspace.tsx	PEOPLE	PRESERVE_SOURCE	BYTE_IDENTICAL	644	15857	3104f97535dd6279f9328eee8365ec91b848c7eabae7edafce183a39384f9c5c	3104f97535dd6279f9328eee8365ec91b848c7eabae7edafce183a39384f9c5c
apps/web/src/people/lifecycle/LifecycleBoard.tsx	PEOPLE	PRESERVE_SOURCE	BYTE_IDENTICAL	644	8094	4383fbedb8da7a3e887bca9cf96ca502085afdbad6fc82d01fffc2b60f5496d2	4383fbedb8da7a3e887bca9cf96ca502085afdbad6fc82d01fffc2b60f5496d2
apps/web/src/people/payroll/PayrollBoundaryPanel.tsx	PAYROLL	PRESERVE_SOURCE	BYTE_IDENTICAL	644	29051	e3b11dab55c0d4a127ecbb47cdf5b5ba4f17fc9cd889c20e0ad228a84c28a9a8	e3b11dab55c0d4a127ecbb47cdf5b5ba4f17fc9cd889c20e0ad228a84c28a9a8
apps/web/src/people/payroll/PayrollStatementWorkspace.tsx	PAYROLL	PRESERVE_SOURCE	BYTE_IDENTICAL	644	8301	ad89a418fba89326ce7962811717cff507deb143c01d592a0373262ec530aa06	ad89a418fba89326ce7962811717cff507deb143c01d592a0373262ec530aa06
apps/web/src/people/peopleFeatureCatalog.js	PEOPLE	PRESERVE_SOURCE	BYTE_IDENTICAL	644	26754	e6035fff5257d0587dc79f2e78c5d95de7539a6a642656e78058ad5c25e8d3dc	e6035fff5257d0587dc79f2e78c5d95de7539a6a642656e78058ad5c25e8d3dc
apps/web/src/people/recruiting/RecruitingPipeline.tsx	PEOPLE	PRESERVE_SOURCE	BYTE_IDENTICAL	644	14212	8aa86e6427bd0fd39e63acd848638250785041d0113c2fb96db9c8b97e9d6c3a	8aa86e6427bd0fd39e63acd848638250785041d0113c2fb96db9c8b97e9d6c3a
apps/web/src/people/security/HrxRiskDashboard.tsx	AUTH_PROFILE	PRESERVE_SOURCE	BYTE_IDENTICAL	644	8082	fa924d5c63df7411c222cdaadddeaa5b630c6d35f1606e937fba0a4a1b01483b	fa924d5c63df7411c222cdaadddeaa5b630c6d35f1606e937fba0a4a1b01483b
apps/web/src/people/security/HrxStepUpChallenge.tsx	AUTH_PROFILE	PRESERVE_SOURCE	BYTE_IDENTICAL	644	2617	8752349944de1a3da0e460b256b79a3b5a5cfb74b97b9f4e3e2b3a41fc24abc8	8752349944de1a3da0e460b256b79a3b5a5cfb74b97b9f4e3e2b3a41fc24abc8
apps/web/src/styles.css	PERSISTENCE_AUTHZ_PACKAGE	PRESERVE_SOURCE	BYTE_IDENTICAL	644	321170	cfeff0b4f330aa233f52001e39b7e13342409c1dd6db1bb8cc4bdb67f217603c	cfeff0b4f330aa233f52001e39b7e13342409c1dd6db1bb8cc4bdb67f217603c
apps/web/test/forest-responsive-layout-browser.test.mjs	PERSISTENCE_AUTHZ_PACKAGE	PRESERVE_TEST	BYTE_IDENTICAL	644	7013	e93b6febbc396bc787c4a12ded1b8c6bc64fd46d97497e244f353ccaf057ec5d	e93b6febbc396bc787c4a12ded1b8c6bc64fd46d97497e244f353ccaf057ec5d
apps/web/test/home-dashboard-r1.test.mjs	HOME	PRESERVE_TEST	BYTE_IDENTICAL	644	107361	28c7c306fc2433583614460a3c7add021ae83ea12f8928b7b5b536c3f9beb214	28c7c306fc2433583614460a3c7add021ae83ea12f8928b7b5b536c3f9beb214
apps/web/test/leave-settings-ui.test.mjs	LEAVE	PRESERVE_TEST	BYTE_IDENTICAL	644	3797	057b8546b4904fa476aeb7b862c50421fe66179f9875a9ffcbae962c2a470198	057b8546b4904fa476aeb7b862c50421fe66179f9875a9ffcbae962c2a470198
apps/web/test/payroll-workspace-ui.test.mjs	PAYROLL	PRESERVE_TEST	BYTE_IDENTICAL	644	4954	b97826e63b27133d3a42037b7c9cc8270dfdf30048dbd28987027eac18e467ee	b97826e63b27133d3a42037b7c9cc8270dfdf30048dbd28987027eac18e467ee
docs/lazycodex/evidence/matter-desktop/artifacts/leave-management-package-qa.json	LEAVE	HISTORICAL_EVIDENCE_ONLY	BYTE_IDENTICAL	644	20801	2d4f01c5f855747bb9f3a506fccfe3f699cd6b7ad64d1d7df436081aef682458	2d4f01c5f855747bb9f3a506fccfe3f699cd6b7ad64d1d7df436081aef682458
docs/lazycodex/evidence/matter-desktop/artifacts/payroll-final-verification-2026-07-15.md	PAYROLL	HISTORICAL_EVIDENCE_ONLY	BYTE_IDENTICAL	644	2826	562a76b15b77071cfc48f2d158593389f9dd545e91bb4a26e05a08fe4a3539b2	562a76b15b77071cfc48f2d158593389f9dd545e91bb4a26e05a08fe4a3539b2
docs/lazycodex/evidence/matter-desktop/artifacts/payroll-package-qa-2026-07-15.json	PAYROLL	HISTORICAL_EVIDENCE_ONLY	BYTE_IDENTICAL	644	7080	2bbfda457bedea03c6324c0c80cdc98a803408acb68f21a749a15d66c3457454	2bbfda457bedea03c6324c0c80cdc98a803408acb68f21a749a15d66c3457454
docs/lazycodex/evidence/matter-desktop/artifacts/windows-build.md	PERSISTENCE_AUTHZ_PACKAGE	HISTORICAL_EVIDENCE_ONLY	BYTE_IDENTICAL	644	1717	753184dec414822120f3a132ce44b6b59a7468a8b6e3772b5614d1d1550c9640	753184dec414822120f3a132ce44b6b59a7468a8b6e3772b5614d1d1550c9640
docs/lazycodex/evidence/matter-web/artifacts/payroll-browser-qa-2026-07-15.json	PAYROLL	HISTORICAL_EVIDENCE_ONLY	BYTE_IDENTICAL	644	39780	04ff52bad00e3846a46f45a5d43f3c932b9a7d15b1dcb2daf7be3a5e9dd5dbae	04ff52bad00e3846a46f45a5d43f3c932b9a7d15b1dcb2daf7be3a5e9dd5dbae
packages/billing/src/invoice-pdf-service.js	PAYROLL	PRESERVE_SOURCE	BYTE_IDENTICAL	644	3153	60079f90c6c43dde9985c4e5b9a947295569bc4dae8834377f5ee5d443b1ef85	60079f90c6c43dde9985c4e5b9a947295569bc4dae8834377f5ee5d443b1ef85
packages/hrx/fixtures/company-time-payroll-policy.synthetic.json	PAYROLL	PRESERVE_FIXTURE	BYTE_IDENTICAL	644	1360	1da86ae671e73b5e6de58019075a1637c80d4430c915d67e27b3ead25afa8add	1da86ae671e73b5e6de58019075a1637c80d4430c915d67e27b3ead25afa8add
packages/hrx/fixtures/leave-payroll-golden.synthetic.json	PAYROLL	PRESERVE_FIXTURE	BYTE_IDENTICAL	644	4142	fdc6064ff318c3d0c9f364c400b43c052822027b68d3a0cad3376d5f21a46bd5	fdc6064ff318c3d0c9f364c400b43c052822027b68d3a0cad3376d5f21a46bd5
packages/hrx/fixtures/payroll-statutory-rules.synthetic.json	PAYROLL	PRESERVE_FIXTURE	BYTE_IDENTICAL	644	1710	1dd227dca011619a9f822bde0f171919abc86d8af22a945c17361c9861626f7a	1dd227dca011619a9f822bde0f171919abc86d8af22a945c17361c9861626f7a
packages/hrx/src/company-policy-manifest.js	PAYROLL	PRESERVE_SOURCE	BYTE_IDENTICAL	644	9732	703fb535bceb50a9a3101a856cfcf6e8c78ebd772331a86958d7f6f3d332e70c	703fb535bceb50a9a3101a856cfcf6e8c78ebd772331a86958d7f6f3d332e70c
packages/hrx/src/golden-fixture.js	PAYROLL	PRESERVE_SOURCE	BYTE_IDENTICAL	644	7418	a6562cbf370a0ef776d636024a02ba81325af758dde09240323b6c1efb2db697	a6562cbf370a0ef776d636024a02ba81325af758dde09240323b6c1efb2db697
packages/hrx/src/leave/accrual-batch-repository.js	LEAVE	PRESERVE_SOURCE	BYTE_IDENTICAL	644	14670	b1030851d373181d35174cc7b7c9ef0ab0d0b5118fe830dcc0b3f677da8573b3	b1030851d373181d35174cc7b7c9ef0ab0d0b5118fe830dcc0b3f677da8573b3
packages/hrx/src/leave/accrual-batch-service.js	LEAVE	PRESERVE_SOURCE	BYTE_IDENTICAL	644	17725	dea865656f0d8d3ba4eb4762a1719cafa75d9611bc600c78c0a139fe7589f62d	dea865656f0d8d3ba4eb4762a1719cafa75d9611bc600c78c0a139fe7589f62d
packages/hrx/src/leave/accrual-period-generator.js	LEAVE	PRESERVE_SOURCE	BYTE_IDENTICAL	644	5706	a11edf93d275ad0cc67c7643e8bb7faeb5a9000fd07b3731a36eda3bc25ebed1	a11edf93d275ad0cc67c7643e8bb7faeb5a9000fd07b3731a36eda3bc25ebed1
packages/hrx/src/leave/entitlement-command-service.js	LEAVE	PRESERVE_SOURCE	BYTE_IDENTICAL	644	16130	2f614d61da7cabc55fc1d32bcc51935433ec30c56c577605998b236996f1bd61	2f614d61da7cabc55fc1d32bcc51935433ec30c56c577605998b236996f1bd61
packages/hrx/src/leave/entitlement-lifecycle.js	LEAVE	PRESERVE_SOURCE	BYTE_IDENTICAL	644	7141	3e4f29688c3c7997f8cc623cd80a7480fce8fe9a0ebdb7810f597c8486dd96a0	3e4f29688c3c7997f8cc623cd80a7480fce8fe9a0ebdb7810f597c8486dd96a0
packages/hrx/src/leave/entitlement-read-service.js	LEAVE	PRESERVE_SOURCE	BYTE_IDENTICAL	644	6076	1b177e2c8bbac6a5b57611f6afcbfbea3d3371931cc9e8dbfc4eeddd5000efca	1b177e2c8bbac6a5b57611f6afcbfbea3d3371931cc9e8dbfc4eeddd5000efca
packages/hrx/src/leave/expiration-job.js	LEAVE	PRESERVE_SOURCE	BYTE_IDENTICAL	644	7118	95698ac71f51773d2014db874f05896856bd1e7406aaf674c79f0124411ee775	95698ac71f51773d2014db874f05896856bd1e7406aaf674c79f0124411ee775
packages/hrx/src/leave/expiration-service.js	LEAVE	PRESERVE_SOURCE	BYTE_IDENTICAL	644	10504	ee4fe75c9c13898ab127c2fb5d44c809f3e8e43dd4c40fac4cc2cd093492647b	ee4fe75c9c13898ab127c2fb5d44c809f3e8e43dd4c40fac4cc2cd093492647b
packages/hrx/src/leave/migration-reconciliation-service.js	LEAVE	PRESERVE_SOURCE	BYTE_IDENTICAL	644	12471	c697a837495e05d93f7a77863ce0aa257c80ed742626c0d4d8a25b0dfcd3b487	c697a837495e05d93f7a77863ce0aa257c80ed742626c0d4d8a25b0dfcd3b487
packages/hrx/src/leave/occurrence-upload-batch-service.js	LEAVE	PRESERVE_SOURCE	BYTE_IDENTICAL	644	13357	c1e0ca4a47b82321b2ac41bf3636d2a878cbe7a859f84c82752ca103bd4af3a0	c1e0ca4a47b82321b2ac41bf3636d2a878cbe7a859f84c82752ca103bd4af3a0
packages/hrx/src/leave/promotion-service.js	LEAVE	PRESERVE_SOURCE	BYTE_IDENTICAL	644	43732	94f2add9ccfb0813f386aefee82c834cc893730277444524a873d2fdc7ad332f	94f2add9ccfb0813f386aefee82c834cc893730277444524a873d2fdc7ad332f
packages/hrx/src/leave/provider-adapters.js	LEAVE	PRESERVE_SOURCE	BYTE_IDENTICAL	644	9666	bbb8066bd6758fc2b5b1e116eb3170a5677f55117c1a051b80245d5742d4e2ad	bbb8066bd6758fc2b5b1e116eb3170a5677f55117c1a051b80245d5742d4e2ad
packages/hrx/src/leave/reporting-service.js	LEAVE	PRESERVE_SOURCE	BYTE_IDENTICAL	644	28169	0a1baf638a0b0b0beb29071d8a5428511179e3b28fe50c633879ff8a87a94f94	0a1baf638a0b0b0beb29071d8a5428511179e3b28fe50c633879ff8a87a94f94
packages/hrx/src/leave/type-economics.js	LEAVE	PRESERVE_SOURCE	BYTE_IDENTICAL	644	5251	119dfc0fec8db4594e9b393159eb72d5ad8ec6f75bb581b612a71b9d920bea31	119dfc0fec8db4594e9b393159eb72d5ad8ec6f75bb581b612a71b9d920bea31
packages/hrx/src/leave/type-rule-backfill.js	LEAVE	PRESERVE_SOURCE	BYTE_IDENTICAL	644	7005	bcbe9ae75004011a41ebdb726e640a0890908200b7974c2ec74e5720180c1896	bcbe9ae75004011a41ebdb726e640a0890908200b7974c2ec74e5720180c1896
packages/hrx/src/migrations/011_hrx_leave_type_economics.sql	LEAVE	PRESERVE_MIGRATION	BYTE_IDENTICAL	644	646	1da83c66efe87da337d148e8449ee7524c6e49b0f587bdd8c8ce5a7dee9f5445	1da83c66efe87da337d148e8449ee7524c6e49b0f587bdd8c8ce5a7dee9f5445
packages/hrx/src/migrations/012_hrx_leave_job_outbox.sql	LEAVE	PRESERVE_MIGRATION	BYTE_IDENTICAL	644	1062	a31a6b9bb5204e60de2b34e7d91e698fb9a554d70981afdacc2f26f40024d6a0	a31a6b9bb5204e60de2b34e7d91e698fb9a554d70981afdacc2f26f40024d6a0
packages/hrx/src/migrations/013_hrx_leave_accrual_batches.sql	LEAVE	PRESERVE_MIGRATION	BYTE_IDENTICAL	644	4128	1dd878f2ddd1f6eaae1a60562e07c6323aca816fd73df90089b1e7adbf5380a9	1dd878f2ddd1f6eaae1a60562e07c6323aca816fd73df90089b1e7adbf5380a9
packages/hrx/src/migrations/014_hrx_leave_occurrence_metadata.sql	LEAVE	PRESERVE_MIGRATION	BYTE_IDENTICAL	644	335	7c6991f83713af354aa79b82d12861afc2f998bc692a0ea0afb1cd094cf69cea	7c6991f83713af354aa79b82d12861afc2f998bc692a0ea0afb1cd094cf69cea
packages/hrx/src/migrations/015_hrx_leave_occurrence_upload_batches.sql	LEAVE	PRESERVE_MIGRATION	BYTE_IDENTICAL	644	4016	b11f5dc404824f5b6134cd38576d3fc24e47a4e00bd2397804ec7910a5dc7861	b11f5dc404824f5b6134cd38576d3fc24e47a4e00bd2397804ec7910a5dc7861
packages/hrx/src/migrations/016_hrx_leave_promotion_exclusions.sql	LEAVE	PRESERVE_MIGRATION	BYTE_IDENTICAL	644	193	d49fdcc43254cb5a0788214e0b9ae152acecaa347ba304e17aa36c0b87224df0	d49fdcc43254cb5a0788214e0b9ae152acecaa347ba304e17aa36c0b87224df0
packages/hrx/src/migrations/017_hrx_leave_promotion_notice_hashes.sql	LEAVE	PRESERVE_MIGRATION	BYTE_IDENTICAL	644	159	4220418fe5afc779a9aa4a9e09c269c67f2105bcb7a6b12c193aa44c8c55bf4d	4220418fe5afc779a9aa4a9e09c269c67f2105bcb7a6b12c193aa44c8c55bf4d
packages/hrx/src/migrations/018_hrx_leave_promotion_evidence_receipts.sql	LEAVE	PRESERVE_MIGRATION	BYTE_IDENTICAL	644	1198	188e691a112b628acf28f4bdd6ed87f77eb600449ec7cf1dc8555f2f0fc1ce8e	188e691a112b628acf28f4bdd6ed87f77eb600449ec7cf1dc8555f2f0fc1ce8e
packages/hrx/src/migrations/019_hrx_leave_integration_dead_letters.sql	LEAVE	PRESERVE_MIGRATION	BYTE_IDENTICAL	644	1092	0dfe398a331ceb193b2d62399b9076da61456b77defc9ad96e8005e2b22d189a	0dfe398a331ceb193b2d62399b9076da61456b77defc9ad96e8005e2b22d189a
packages/hrx/src/migrations/020_hrx_leave_rule_snapshots.sql	LEAVE	PRESERVE_MIGRATION	BYTE_IDENTICAL	644	235	f6248684c210547b833b9beebe260837e7b460bd894987b5759f7a80f533c9b4	f6248684c210547b833b9beebe260837e7b460bd894987b5759f7a80f533c9b4
packages/hrx/src/migrations/021_hrx_payroll_runtime.sql	PAYROLL	PRESERVE_MIGRATION	BYTE_IDENTICAL	644	14120	4e5c833fe19a4c5720892f7d17f8058e56585ae6df88b912b5eb30894b9341c6	4e5c833fe19a4c5720892f7d17f8058e56585ae6df88b912b5eb30894b9341c6
packages/hrx/src/migrations/022_hrx_payroll_inputs.sql	PAYROLL	PRESERVE_MIGRATION	BYTE_IDENTICAL	644	1729	06d3735b18432370ba98d01cb9819bfb7ff67e3fa2cb074f93c72b69d06d3fc0	06d3735b18432370ba98d01cb9819bfb7ff67e3fa2cb074f93c72b69d06d3fc0
packages/hrx/src/migrations/023_hrx_payroll_profile_units.sql	PAYROLL	PRESERVE_MIGRATION	BYTE_IDENTICAL	644	233	2dbacacae466213862e7deb7bc1d30cf45c0736bceef5dcebed12cb7bd875b66	2dbacacae466213862e7deb7bc1d30cf45c0736bceef5dcebed12cb7bd875b66
packages/hrx/src/migrations/024_hrx_payroll_run_controls.sql	PAYROLL	PRESERVE_MIGRATION	BYTE_IDENTICAL	644	2570	c50d595dfc4a81a1eea7ac385a3a41cfeceafc348c67011be02d1a7f167919ae	c50d595dfc4a81a1eea7ac385a3a41cfeceafc348c67011be02d1a7f167919ae
packages/hrx/src/migrations/025_hrx_payroll_year_end.sql	PAYROLL	PRESERVE_MIGRATION	BYTE_IDENTICAL	644	1513	4444239ab1cebfb5395528c34a4d1f2fe7595da294c09e498ef05e40ecf080d4	4444239ab1cebfb5395528c34a4d1f2fe7595da294c09e498ef05e40ecf080d4
packages/hrx/src/migrations/safety.js	PERSISTENCE_AUTHZ_PACKAGE	PRESERVE_MIGRATION	BYTE_IDENTICAL	644	4592	23d742976c1ba5836552ec67fd953d52075adda92f0fa75a9afb8d9fa0b7dd72	23d742976c1ba5836552ec67fd953d52075adda92f0fa75a9afb8d9fa0b7dd72
packages/hrx/src/overtime.js	PAYROLL	PRESERVE_SOURCE	BYTE_IDENTICAL	644	12030	5ed6de396d288731c39bee0413563981e72683edb3a586d2aea67a9b9ae99fae	5ed6de396d288731c39bee0413563981e72683edb3a586d2aea67a9b9ae99fae
packages/hrx/src/payroll-boundary.js	PAYROLL	PRESERVE_SOURCE	BYTE_IDENTICAL	644	5210	403c646d658e636e8551fcad082e62fd72f398d14fc3b39602f2a3bce9ae74bd	403c646d658e636e8551fcad082e62fd72f398d14fc3b39602f2a3bce9ae74bd
packages/hrx/src/payroll/calculation-engine.js	PAYROLL	PRESERVE_SOURCE	BYTE_IDENTICAL	644	19492	16f36d477b6848c081e5e5f9283fe926f2cbe2840aa8d63d2ce2eef1ffdbf227	16f36d477b6848c081e5e5f9283fe926f2cbe2840aa8d63d2ce2eef1ffdbf227
packages/hrx/src/payroll/deduction-engine.js	PAYROLL	PRESERVE_SOURCE	BYTE_IDENTICAL	644	13777	46b5ff7273030ab012ca0629db17685c64ea16ae017fc91c565e43e8261da5a8	46b5ff7273030ab012ca0629db17685c64ea16ae017fc91c565e43e8261da5a8
packages/hrx/src/payroll/document-service.js	PAYROLL	PRESERVE_SOURCE	BYTE_IDENTICAL	644	15917	8fc18d77fcc3d8f4aae6b479ca319debf9bbcb23f7a84120c39133449fb26ca7	8fc18d77fcc3d8f4aae6b479ca319debf9bbcb23f7a84120c39133449fb26ca7
packages/hrx/src/payroll/filing-service.js	PAYROLL	PRESERVE_SOURCE	BYTE_IDENTICAL	644	14736	be82589ca322e362cd4ed6d645a2ea788f37055fc33e2c50a558e1708640f28b	be82589ca322e362cd4ed6d645a2ea788f37055fc33e2c50a558e1708640f28b
packages/hrx/src/payroll/input-snapshot-service.js	PAYROLL	PRESERVE_SOURCE	BYTE_IDENTICAL	644	26801	4b3b02fa42cd72df0d36b75e54ad1fce769479937b366e586abb5f5f73a88bda	4b3b02fa42cd72df0d36b75e54ad1fce769479937b366e586abb5f5f73a88bda
packages/hrx/src/payroll/migration-service.js	PAYROLL	PRESERVE_SOURCE	BYTE_IDENTICAL	644	9869	cc20fc8961e1057594f63148efc33a9816985abd4b1875971ae775e0f54a2b64	cc20fc8961e1057594f63148efc33a9816985abd4b1875971ae775e0f54a2b64
packages/hrx/src/payroll/money.js	PAYROLL	PRESERVE_SOURCE	BYTE_IDENTICAL	644	3748	a5fcef06e752cd95aad97dd14a94c7061088475fde701c5fabf12e8638b02caf	a5fcef06e752cd95aad97dd14a94c7061088475fde701c5fabf12e8638b02caf
packages/hrx/src/payroll/parallel-comparison-service.js	PAYROLL	PRESERVE_SOURCE	BYTE_IDENTICAL	644	4273	93d0443f1e56307fc8d20afef691d81da609749625de76c1e655b6e659834f7f	93d0443f1e56307fc8d20afef691d81da609749625de76c1e655b6e659834f7f
packages/hrx/src/payroll/payment-service.js	PAYROLL	PRESERVE_SOURCE	BYTE_IDENTICAL	644	9317	2900e0899609b8ee5b2e23ab6e63a79a8a60d6458b558cdeedda3b6772d5ae6d	2900e0899609b8ee5b2e23ab6e63a79a8a60d6458b558cdeedda3b6772d5ae6d
packages/hrx/src/payroll/repository.js	PAYROLL	PRESERVE_SOURCE	BYTE_IDENTICAL	644	60520	2f87182d213c63f30d4aa7139b39d6b837535936165f814fbb1ed8f5069ee022	2f87182d213c63f30d4aa7139b39d6b837535936165f814fbb1ed8f5069ee022
packages/hrx/src/payroll/run-service.js	PAYROLL	PRESERVE_SOURCE	BYTE_IDENTICAL	644	12873	a9bf60cc9d7aa6ed31a04a1262e0db21f8985848a8724bb7b9e9fdaf5167be14	a9bf60cc9d7aa6ed31a04a1262e0db21f8985848a8724bb7b9e9fdaf5167be14
packages/hrx/src/payroll/statutory-rule-service.js	PAYROLL	PRESERVE_SOURCE	BYTE_IDENTICAL	644	9139	4fcbe5f0081ba36e7703837d37a8460f430df8e8d16c8be6790a5dc39ebe2c5a	4fcbe5f0081ba36e7703837d37a8460f430df8e8d16c8be6790a5dc39ebe2c5a
packages/hrx/src/payroll/year-end-service.js	PAYROLL	PRESERVE_SOURCE	BYTE_IDENTICAL	644	7894	8b8140614f673af66f47da767de4c16560ccac0497297ffee348dbf3a7b0e6db	8b8140614f673af66f47da767de4c16560ccac0497297ffee348dbf3a7b0e6db
packages/hrx/src/provider-receipt-contract.js	PAYROLL	PRESERVE_SOURCE	BYTE_IDENTICAL	644	3770	ca6467a7e6ab2f215c0defecff90eb1834be284fbfc02657dffd2efe620a9f9f	ca6467a7e6ab2f215c0defecff90eb1834be284fbfc02657dffd2efe620a9f9f
packages/hrx/test/company-policy-manifest.test.js	PAYROLL	PRESERVE_TEST	BYTE_IDENTICAL	644	4320	be9d6e2a0ee8d349aac3e1597b60548ff979e73886df4afeab68882cc6f0eec9	be9d6e2a0ee8d349aac3e1597b60548ff979e73886df4afeab68882cc6f0eec9
packages/hrx/test/golden-fixture.test.js	PAYROLL	PRESERVE_TEST	BYTE_IDENTICAL	644	1849	d0d36313fc08c8284fccce78349b1ca3384d90cb7dc1ec16abacfbd3e35f50d4	d0d36313fc08c8284fccce78349b1ca3384d90cb7dc1ec16abacfbd3e35f50d4
packages/hrx/test/leave-accrual-batch-repository.test.js	LEAVE	PRESERVE_TEST	BYTE_IDENTICAL	644	8309	5082d8f3858ce7a9252e342e1e39367bb2dd3c0ad98146edea32e14a62371c5d	5082d8f3858ce7a9252e342e1e39367bb2dd3c0ad98146edea32e14a62371c5d
packages/hrx/test/leave-accrual-batch-service.test.js	LEAVE	PRESERVE_TEST	BYTE_IDENTICAL	644	15651	fd0d1dc865ad8047d812d5fc568fb26cdbec94c12d92fc10f1c2abf2c2e52eb3	fd0d1dc865ad8047d812d5fc568fb26cdbec94c12d92fc10f1c2abf2c2e52eb3
packages/hrx/test/leave-accrual-period-generator.test.js	LEAVE	PRESERVE_TEST	BYTE_IDENTICAL	644	3102	f3323a34dc01503b54d82a4eff7a81ffabb8826b3fb2af6e507b527223dc8d9e	f3323a34dc01503b54d82a4eff7a81ffabb8826b3fb2af6e507b527223dc8d9e
packages/hrx/test/leave-entitlement-command-service.test.js	LEAVE	PRESERVE_TEST	BYTE_IDENTICAL	644	7570	bf0c1dcb012324d4086e0fbd64772e7c7875685ff4e2da7101a14d9709f39798	bf0c1dcb012324d4086e0fbd64772e7c7875685ff4e2da7101a14d9709f39798
packages/hrx/test/leave-entitlement-lifecycle.test.js	LEAVE	PRESERVE_TEST	BYTE_IDENTICAL	644	8061	8d1949afe3efb44754df2c5ad326c4b8c2ccc62546660efe6c1e88207e3a9a38	8d1949afe3efb44754df2c5ad326c4b8c2ccc62546660efe6c1e88207e3a9a38
packages/hrx/test/leave-expiration-job.test.js	LEAVE	PRESERVE_TEST	BYTE_IDENTICAL	644	5345	f0fc84fc1435fdda30f796380aa6a523f50e428e4714d80ec9c8bed87d870048	f0fc84fc1435fdda30f796380aa6a523f50e428e4714d80ec9c8bed87d870048
packages/hrx/test/leave-expiration-service.test.js	LEAVE	PRESERVE_TEST	BYTE_IDENTICAL	644	6006	2916e1308cf4d29f1b28883da0023c5fd731dc98cefba8146c4988f1d0597925	2916e1308cf4d29f1b28883da0023c5fd731dc98cefba8146c4988f1d0597925
packages/hrx/test/leave-migration-reconciliation-service.test.js	LEAVE	PRESERVE_TEST	BYTE_IDENTICAL	644	14822	5bae0ff00a9deb982af402843090a576b803e59e35e6be13a0fd6fa4bb0fb1d9	5bae0ff00a9deb982af402843090a576b803e59e35e6be13a0fd6fa4bb0fb1d9
packages/hrx/test/leave-occurrence-upload-batch-service.test.js	LEAVE	PRESERVE_TEST	BYTE_IDENTICAL	644	7647	304fb6bfce0df071286dc3fb77510323a28a1d8b94807dfb8ee5d5764a9c5826	304fb6bfce0df071286dc3fb77510323a28a1d8b94807dfb8ee5d5764a9c5826
packages/hrx/test/leave-promotion-service.test.js	LEAVE	PRESERVE_TEST	BYTE_IDENTICAL	644	16570	a53aec0f67b49f8f2a7457daf9733248403e0d593b2c75ad6d77b490cd3159b1	a53aec0f67b49f8f2a7457daf9733248403e0d593b2c75ad6d77b490cd3159b1
packages/hrx/test/leave-provider-adapters.test.js	LEAVE	PRESERVE_TEST	BYTE_IDENTICAL	644	5308	d986dec098d38991b4f51dde8423211e89a09d27bbcf07656ea02e88c3d4e62d	d986dec098d38991b4f51dde8423211e89a09d27bbcf07656ea02e88c3d4e62d
packages/hrx/test/leave-reporting-service.test.js	LEAVE	PRESERVE_TEST	BYTE_IDENTICAL	644	11383	64d8d00ea1a577947ab933c1824a8ef652b52b10362cb3bd502a0f4930e9f506	64d8d00ea1a577947ab933c1824a8ef652b52b10362cb3bd502a0f4930e9f506
packages/hrx/test/leave-type-economics.test.js	LEAVE	PRESERVE_TEST	BYTE_IDENTICAL	644	4617	605ea17347f5142e36a0c822133fe35ae5a714d1ae9feb9b201b83dedcfb1270	605ea17347f5142e36a0c822133fe35ae5a714d1ae9feb9b201b83dedcfb1270
packages/hrx/test/leave-type-rule-backfill.test.js	LEAVE	PRESERVE_TEST	BYTE_IDENTICAL	644	4919	e09746032fb51a8b573610726ee60ec5986e8fcbff5aa75d5d55ea04ba4d5450	e09746032fb51a8b573610726ee60ec5986e8fcbff5aa75d5d55ea04ba4d5450
packages/hrx/test/migration-safety.test.js	PERSISTENCE_AUTHZ_PACKAGE	PRESERVE_TEST	BYTE_IDENTICAL	644	4231	2c83de2013678e28b8a964496818c4d3d12684b59dc881880de732027b0db27d	2c83de2013678e28b8a964496818c4d3d12684b59dc881880de732027b0db27d
packages/hrx/test/payroll-calculation-engine.test.js	PAYROLL	PRESERVE_TEST	BYTE_IDENTICAL	644	11766	8e2088bffd34a6a42af577db311bac04155da8a5a7557ee73085b89fc819e7dd	8e2088bffd34a6a42af577db311bac04155da8a5a7557ee73085b89fc819e7dd
packages/hrx/test/payroll-deduction-engine.test.js	PAYROLL	PRESERVE_TEST	BYTE_IDENTICAL	644	8232	66169257a2b2db8c4e1aeb4df25be65d11089361649b7850d4ce27f4fe396dcd	66169257a2b2db8c4e1aeb4df25be65d11089361649b7850d4ce27f4fe396dcd
packages/hrx/test/payroll-document-service.test.js	PAYROLL	PRESERVE_TEST	BYTE_IDENTICAL	644	8911	0a8bdceb348b87db593497be66e8b9b279e7b5c9b4d88a78201488b1edc0084e	0a8bdceb348b87db593497be66e8b9b279e7b5c9b4d88a78201488b1edc0084e
packages/hrx/test/payroll-filing-service.test.js	PAYROLL	PRESERVE_TEST	BYTE_IDENTICAL	644	11594	c7d73694ccb403dcb30bbba4e93f07956b853a3426f3eb03b3f8634ad90fe3d2	c7d73694ccb403dcb30bbba4e93f07956b853a3426f3eb03b3f8634ad90fe3d2
packages/hrx/test/payroll-input-snapshot-service.test.js	PAYROLL	PRESERVE_TEST	BYTE_IDENTICAL	644	19011	33737686b35cf7affca631c9bcc93ea5c3569e83e21dc1f93748769667904412	33737686b35cf7affca631c9bcc93ea5c3569e83e21dc1f93748769667904412
packages/hrx/test/payroll-migration-service.test.js	PAYROLL	PRESERVE_TEST	BYTE_IDENTICAL	644	4182	0db79b2e2d3f43f7a533cc9e9ffb7107e8055a27cc3ba76b25a051b135f473f7	0db79b2e2d3f43f7a533cc9e9ffb7107e8055a27cc3ba76b25a051b135f473f7
packages/hrx/test/payroll-money.test.js	PAYROLL	PRESERVE_TEST	BYTE_IDENTICAL	644	1476	371ddd0d606bff6e8d048d9a3c72248ee1353920eb95630efd6cd2829f58dbf3	371ddd0d606bff6e8d048d9a3c72248ee1353920eb95630efd6cd2829f58dbf3
packages/hrx/test/payroll-parallel-comparison-service.test.js	PAYROLL	PRESERVE_TEST	BYTE_IDENTICAL	644	2573	9a3b4f4f983109d93a844d6720751b04a2aaec3675cdff0aadfb74679a01b0f5	9a3b4f4f983109d93a844d6720751b04a2aaec3675cdff0aadfb74679a01b0f5
packages/hrx/test/payroll-payment-service.test.js	PAYROLL	PRESERVE_TEST	BYTE_IDENTICAL	644	9444	7288c125fe9ce8b38187a6687045dd2e59f9fd8354ace7490619ca0fc4e36863	7288c125fe9ce8b38187a6687045dd2e59f9fd8354ace7490619ca0fc4e36863
packages/hrx/test/payroll-readiness-contract.test.js	PAYROLL	PRESERVE_TEST	BYTE_IDENTICAL	644	2397	a6458fc74ec79e2de431ad25de1d198cb3c9f4a02f8d7fc78c737c6f3106c31d	a6458fc74ec79e2de431ad25de1d198cb3c9f4a02f8d7fc78c737c6f3106c31d
packages/hrx/test/payroll-repository.test.js	PAYROLL	PRESERVE_TEST	BYTE_IDENTICAL	644	14864	964df6210da85bbee5cb1b83d6597791506608dfb6e0012105fb62f599b9d22c	964df6210da85bbee5cb1b83d6597791506608dfb6e0012105fb62f599b9d22c
packages/hrx/test/payroll-run-service.test.js	PAYROLL	PRESERVE_TEST	BYTE_IDENTICAL	644	11863	972da8cd163974fbc96e8c631655afd2e3800f0e0f746f1197067b6012466654	972da8cd163974fbc96e8c631655afd2e3800f0e0f746f1197067b6012466654
packages/hrx/test/payroll-statutory-rule-service.test.js	PAYROLL	PRESERVE_TEST	BYTE_IDENTICAL	644	2490	45c67c451465aa3d2086e5f5da6d6a9a155fadf4d8d075a2127df1c25762850b	45c67c451465aa3d2086e5f5da6d6a9a155fadf4d8d075a2127df1c25762850b
packages/hrx/test/payroll-year-end-service.test.js	PAYROLL	PRESERVE_TEST	BYTE_IDENTICAL	644	6249	1baf16ce37b8b7743f89039779a0386d760f5c05e51f4f6d8348e94ead4b46e1	1baf16ce37b8b7743f89039779a0386d760f5c05e51f4f6d8348e94ead4b46e1
packages/hrx/test/provider-receipt-contract.test.js	PAYROLL	PRESERVE_TEST	BYTE_IDENTICAL	644	2169	67c42dfe45d9f6a52a34c9c4378bb17c8cd0cb300725fea9dbba6e6e98d83765	67c42dfe45d9f6a52a34c9c4378bb17c8cd0cb300725fea9dbba6e6e98d83765
scripts/generate-forest-checkpoint-evidence.mjs	PERSISTENCE_AUTHZ_PACKAGE	PRESERVE_QA_TOOL	BYTE_IDENTICAL	644	14985	a7268d6d5d4191dce733b8c6f97cdcba8225a01b2a5f71c7fb627f54f7d930fc	a7268d6d5d4191dce733b8c6f97cdcba8225a01b2a5f71c7fb627f54f7d930fc
scripts/run-leave-management-packaged-qa.mjs	LEAVE	PRESERVE_QA_TOOL	BYTE_IDENTICAL	644	49630	f81dc85b9bdc680ab1a9d4a13cf4c9f54fb53cb58e307274680736ef59dd210f	f81dc85b9bdc680ab1a9d4a13cf4c9f54fb53cb58e307274680736ef59dd210f
scripts/run-payroll-browser-qa.mjs	PAYROLL	PRESERVE_QA_TOOL	BYTE_IDENTICAL	644	15573	83c6c07579158dfb15848a6a621b01ea1d8f5b21620ea7bed22920024565ad9e	83c6c07579158dfb15848a6a621b01ea1d8f5b21620ea7bed22920024565ad9e
scripts/run-payroll-packaged-qa.mjs	PAYROLL	PRESERVE_QA_TOOL	BYTE_IDENTICAL	644	23154	9cc1f65e0b3121c36e3c67cff033e595be00b94fb76bdece9ba9236e44216f83	9cc1f65e0b3121c36e3c67cff033e595be00b94fb76bdece9ba9236e44216f83
workbook/forest-v0.1.17-integration-evidence/FZ-001/acceptance.md	PERSISTENCE_AUTHZ_PACKAGE	PRESERVE_CHECKPOINT_EVIDENCE	BYTE_IDENTICAL	644	301	dfea032a1d5bb33716b472ccdb28c23948c372f3681de71c46037bd55c3ad61d	dfea032a1d5bb33716b472ccdb28c23948c372f3681de71c46037bd55c3ad61d
workbook/forest-v0.1.17-integration-evidence/FZ-001/commands.txt	PERSISTENCE_AUTHZ_PACKAGE	PRESERVE_CHECKPOINT_EVIDENCE	BYTE_IDENTICAL	644	224	0d1e59d356179b72b8d3b8beae229234a50a2ef276203dc28dad3012ee60309a	0d1e59d356179b72b8d3b8beae229234a50a2ef276203dc28dad3012ee60309a
workbook/forest-v0.1.17-integration-evidence/FZ-001/receipt.json	PERSISTENCE_AUTHZ_PACKAGE	PRESERVE_CHECKPOINT_EVIDENCE	BYTE_IDENTICAL	644	394	d799635bd1a3b541e82c939dd1d4d0086289878a2037a2522ad19c21f6fe980e	d799635bd1a3b541e82c939dd1d4d0086289878a2037a2522ad19c21f6fe980e
workbook/forest-v0.1.17-integration-evidence/FZ-002/acceptance.md	PERSISTENCE_AUTHZ_PACKAGE	PRESERVE_CHECKPOINT_EVIDENCE	BYTE_IDENTICAL	644	260	0a30987de0b58b7782616ba0fe85f1f2711c5e2900287f66993ab3975ec0f185	0a30987de0b58b7782616ba0fe85f1f2711c5e2900287f66993ab3975ec0f185
workbook/forest-v0.1.17-integration-evidence/FZ-002/manifest.tsv	PERSISTENCE_AUTHZ_PACKAGE	PRESERVE_CHECKPOINT_EVIDENCE	BYTE_IDENTICAL	644	28499	625b1ee3f2183b8b5aa351d6e5278fdad66b47946cbcfe777a54d786c74a598e	625b1ee3f2183b8b5aa351d6e5278fdad66b47946cbcfe777a54d786c74a598e
workbook/forest-v0.1.17-integration-evidence/FZ-002/receipt.json	PERSISTENCE_AUTHZ_PACKAGE	PRESERVE_CHECKPOINT_EVIDENCE	BYTE_IDENTICAL	644	749	41a3591c1a8d107d912ad4efcc52dc20fab23e9b787c6e59353366fa31d62f86	41a3591c1a8d107d912ad4efcc52dc20fab23e9b787c6e59353366fa31d62f86
workbook/forest-v0.1.17-integration-evidence/FZ-003/acceptance.md	PERSISTENCE_AUTHZ_PACKAGE	PRESERVE_CHECKPOINT_EVIDENCE	BYTE_IDENTICAL	644	244	a8be5b40205d17e2a72bcbaee92e571eb30a330767f2f70857061559e0f02e00	a8be5b40205d17e2a72bcbaee92e571eb30a330767f2f70857061559e0f02e00
workbook/forest-v0.1.17-integration-evidence/FZ-003/commands.txt	PERSISTENCE_AUTHZ_PACKAGE	PRESERVE_CHECKPOINT_EVIDENCE	BYTE_IDENTICAL	644	53	38333cc34ec8f829ccd53034ef7d9e068e90a56ffd5252d14bbd5ba4c32a48a9	38333cc34ec8f829ccd53034ef7d9e068e90a56ffd5252d14bbd5ba4c32a48a9
workbook/forest-v0.1.17-integration-evidence/FZ-003/security-scan.json	PERSISTENCE_AUTHZ_PACKAGE	PRESERVE_CHECKPOINT_EVIDENCE	BYTE_IDENTICAL	644	12645	621e4aeba100ae3fa0f264bda0267d8b2cf8572b843aae2a79cf6dde809c3f21	621e4aeba100ae3fa0f264bda0267d8b2cf8572b843aae2a79cf6dde809c3f21
workbook/forest-v0.1.17-integration-evidence/FZ-004/acceptance.md	PERSISTENCE_AUTHZ_PACKAGE	PRESERVE_CHECKPOINT_EVIDENCE	BYTE_IDENTICAL	644	471	95c3e2ba9e03e1b1fd385a3a1ada372409c07576cf0e52faa3a228b90b8de06b	95c3e2ba9e03e1b1fd385a3a1ada372409c07576cf0e52faa3a228b90b8de06b
workbook/forest-v0.1.17-integration-evidence/FZ-004/commands.txt	PERSISTENCE_AUTHZ_PACKAGE	PRESERVE_CHECKPOINT_EVIDENCE	BYTE_IDENTICAL	644	326	6f62422dd5c58b5d7d3e36ef47d9154692cf02fdef5d5bf38aea59daa014555d	6f62422dd5c58b5d7d3e36ef47d9154692cf02fdef5d5bf38aea59daa014555d
workbook/forest-v0.1.17-integration-evidence/FZ-004/receipt.json	PERSISTENCE_AUTHZ_PACKAGE	PRESERVE_CHECKPOINT_EVIDENCE	BYTE_IDENTICAL	644	672	b1387a798dd4c09015cf33dc317ce86f9aa9b2af61820fd2c837ee4064ff4323	b1387a798dd4c09015cf33dc317ce86f9aa9b2af61820fd2c837ee4064ff4323
workbook/forest-v0.1.17-integration-evidence/FZ-005/precommit-security-scan.json	PERSISTENCE_AUTHZ_PACKAGE	PRESERVE_CHECKPOINT_EVIDENCE	BYTE_IDENTICAL	644	12649	3006822bf821875327b84b4c93cff864d1ac519a7e02f3a18ed8d282a02702a7	3006822bf821875327b84b4c93cff864d1ac519a7e02f3a18ed8d282a02702a7
workbook/hrx-leave-payroll-tuw-implementation-plan-2026-07-14.md	PAYROLL	PRESERVE_PLAN	BYTE_IDENTICAL	644	59663	fa9eaa8ccb34080b42e2016935c024600e5c0714fa39e833ee11df4a52552340	fa9eaa8ccb34080b42e2016935c024600e5c0714fa39e833ee11df4a52552340
