path	area	root_status	classification	mode	size	sha256	line_count	parse_status	import_count	export_count	route_count	test_count	sql_create_count	sql_alter_count
apps/api/src/routes/hrx/payroll.js	api-runtime	tracked_modified	PORT_REQUIRED	644	8144	5572ddbbf364fc1dba4a8dd070121f0f43d80d73557e13c3c521575d15320c9f	145	PASS	2	1	0	0	0	0
apps/api/test/hrx/payroll-items-api.test.js	api-test	untracked	PORT_TEST_ONLY	644	4304	73f80479eb219742f541060782c229b4beedc51e94635e3c2206842cc80d2150	86	PASS	9	0	3	3	0	0
apps/api/test/hrx/payroll-profile-api.test.js	api-test	untracked	PORT_TEST_ONLY	644	9051	684391e6b5ff3580e0cd84cfc555e566a3558d2ac8a426385f1ee20a7a3594a4	217	PASS	10	0	5	3	0	0
apps/api/test/hrx/payroll-time-input-api.test.js	api-test	untracked	PORT_TEST_ONLY	644	7582	299cd73b48f8db32d537bd096c40ec2f94bcbe6c63ed2a857a37feeb887b8fef	167	PASS	11	0	3	3	0	0
apps/api/test/hrx/step-up-route.test.js	api-test	tracked_modified	PORT_TEST_ONLY	644	9646	b7c6df108e8dfe6d66f289efb571bcea9848b9c5ea7ccc3a48119a0bb767b1d2	232	PASS	7	0	8	5	0	0
docs/lazycodex/evidence/matter-desktop/artifacts/lv009-forest-leave-auto-packaged-2026-07-15.png	documentation-evidence	untracked	REJECTED	644	1812085	fcd4c5faa63807a5ecc0a21b59b9ad88c8138506e6baff618988147db28a8824	binary	NOT_CODE	0	0	0	0	0	0
docs/runbooks/hrx-member-contact-visibility.md	documentation-evidence	untracked	SUPERSEDED	644	1338	8c382b9241013ea438430a81e8433bc81d6ca39cbe8be9f20a024aed03ed1c60	23	NOT_CODE	0	0	0	0	0	0
packages/hrx/src/leave/allocation.js	leave-domain	tracked_modified	PORT_REQUIRED	644	3102	9a31c38c07226cdb70b20036c9a7e474f6ef0847db8d38680b85edfdb904f3c8	66	PASS	0	2	0	0	0	0
packages/hrx/src/leave/manual-adjustment-file.js	leave-domain	untracked	PORT_REQUIRED	644	2327	1028e7e47289c7c4d2c785a35630533316fbe381d4f664b47349c71666a90116	56	PASS	1	3	0	0	0	0
packages/hrx/src/migrations/011_hrx_payroll_items.sql	migration	untracked	PORT_REQUIRED	644	1014	2c4b48dc4a3e7dc889b72e90f893798a90f1c7eae04ac2df341364a9014645e6	24	NOT_CODE	0	0	0	0	1	0
packages/hrx/src/migrations/012_hrx_payroll_profiles.sql	migration	untracked	PORT_REQUIRED	644	3341	d91498554aa6ec2fce9c0243cb881ade182302e9ca463596129baa8e60412160	77	NOT_CODE	0	0	0	0	2	0
packages/hrx/src/migrations/013_hrx_payroll_time_inputs.sql	migration	untracked	PORT_REQUIRED	644	3901	06f6807413e69c76ddbe2bbc9285b0323af871fa27ac05661826c68c41657e00	42	NOT_CODE	0	0	0	0	3	0
packages/hrx/src/migrations/014_hrx_leave_usage_units.sql	migration	untracked	SUPERSEDED	644	618	f276eb1fdccedf8c8768a3d1af865462008083ad9255b7b422943f458fcb0741	10	NOT_CODE	0	0	0	0	0	7
packages/hrx/src/migrations/015_hrx_leave_accrual_rule_versions.sql	migration	untracked	PORT_REQUIRED	644	289	2632792fa515581efae4bf486db14b66d710f86c67581d955de25f1bc81ab387	5	NOT_CODE	0	0	0	0	0	4
packages/hrx/src/migrations/016_hrx_leave_entitlement_lifecycle.sql	migration	untracked	SUPERSEDED	644	361	82d40c46fa6fe51e6f0a1902b66e494a427bbd462b55a2f969ddf29c16c22880	6	NOT_CODE	0	0	0	0	0	5
packages/hrx/src/payroll-item-catalog.js	payroll-domain	untracked	PORT_REQUIRED	644	7186	ca84381ba8b6e822308eb7c5510998976ef2ad9a91a6c7f7ecf9e8d229a6b57d	179	PASS	1	3	0	0	0	0
packages/hrx/src/payroll-profile-service.js	payroll-domain	untracked	PORT_REQUIRED	644	12011	fa187b00932d82d483b0fa3d9ea0b9ef0257973e4d36b6f086d66c5e524e6bc3	259	PASS	2	1	0	0	0	0
packages/hrx/src/payroll-time-input-snapshot.js	payroll-domain	untracked	PORT_REQUIRED	644	18421	c59f538bc7b18b5855730d7891f479c3d0c3e9e3f357553fab33027d7b321953	440	PASS	1	3	0	0	0	0
packages/hrx/test/leave-manual-adjustment-file.test.js	hrx-test	untracked	PORT_TEST_ONLY	644	1414	e42da04b017abef0ef8d55b2812e5f343a29d52dbeb17f6159fcc20a534d01ed	34	PASS	4	0	0	2	0	0
packages/hrx/test/leave-policy-service.test.js	hrx-test	tracked_modified	SUPERSEDED	644	7174	baf7331d0e565d49fdb27955faf49ad2df70aeb15cea2329de10321b36ea11ef	170	PASS	6	0	0	5	0	0
packages/hrx/test/payroll-item-catalog.test.js	hrx-test	untracked	PORT_TEST_ONLY	644	4534	1a41889dfc6ebb2544bcbee65aaca963b781f61fbca05e5fdfaf696523e99907	113	PASS	8	0	0	4	0	0
packages/hrx/test/payroll-profile-service.test.js	hrx-test	untracked	PORT_TEST_ONLY	644	8778	5f4de74198164d38bd27a0a0f4cc5f7e8a2239bf7139312c3bede4739fedb308	169	PASS	10	0	0	5	0	0
packages/hrx/test/payroll-time-input-snapshot.test.js	hrx-test	untracked	PORT_TEST_ONLY	644	9971	271a6519d04a48ec3935d7903c2a482ac15eeedd957a3641a377a91300c06d91	207	PASS	11	0	0	8	0	0
scripts/smoke-matter-profile-packaged.mjs	packaged-test	tracked_modified	PORT_TEST_ONLY	644	19799	58d2799f7e194dc626c235c5493820c91340fe9f46bc4ff812b7f91b46148cd9	338	PASS	6	0	0	0	0	0
workbook/hrx-payroll-leave-tuw-execution-plan-2026-07-14.md	execution-plan	untracked	SUPERSEDED	644	24294	aa409f495117a3c2d25f35f8553193f19324382d71f864f64418d64f3d21fe95	299	NOT_CODE	0	0	0	0	0	0
